Importance,Vector,Gender,Variable,Type,Parent Vector,Type,Pathway,,,,,,
1,v_CA16_14,Male,1,Number,v_CA16_8,Additive,CA 2016 Census; 100% data; Total - Age; 0 to 14 years; 0 to 4 years; 1,,,,,,
1,v_CA16_15,Female,1,Number,v_CA16_9,Additive,CA 2016 Census; 100% data; Total - Age; 0 to 14 years; 0 to 4 years; 1,,,,,,
1,v_CA16_17,Male,2,Number,v_CA16_8,Additive,CA 2016 Census; 100% data; Total - Age; 0 to 14 years; 0 to 4 years; 2,,,,,,
1,v_CA16_18,Female,2,Number,v_CA16_9,Additive,CA 2016 Census; 100% data; Total - Age; 0 to 14 years; 0 to 4 years; 2,,,,,,
1,v_CA16_20,Male,3,Number,v_CA16_8,Additive,CA 2016 Census; 100% data; Total - Age; 0 to 14 years; 0 to 4 years; 3,,,,,,
1,v_CA16_21,Female,3,Number,v_CA16_9,Additive,CA 2016 Census; 100% data; Total - Age; 0 to 14 years; 0 to 4 years; 3,,,,,,
1,v_CA16_23,Male,4,Number,v_CA16_8,Additive,CA 2016 Census; 100% data; Total - Age; 0 to 14 years; 0 to 4 years; 4,,,,,,
1,v_CA16_24,Female,4,Number,v_CA16_9,Additive,CA 2016 Census; 100% data; Total - Age; 0 to 14 years; 0 to 4 years; 4,,,,,,
1,v_CA16_29,Male,5,Number,v_CA16_26,Additive,CA 2016 Census; 100% data; Total - Age; 0 to 14 years; 5 to 9 years; 5,,,,,,
1,v_CA16_30,Female,5,Number,v_CA16_27,Additive,CA 2016 Census; 100% data; Total - Age; 0 to 14 years; 5 to 9 years; 5,,,,,,
1,v_CA16_32,Male,6,Number,v_CA16_26,Additive,CA 2016 Census; 100% data; Total - Age; 0 to 14 years; 5 to 9 years; 6,,,,,,
1,v_CA16_33,Female,6,Number,v_CA16_27,Additive,CA 2016 Census; 100% data; Total - Age; 0 to 14 years; 5 to 9 years; 6,,,,,,
1,v_CA16_35,Male,7,Number,v_CA16_26,Additive,CA 2016 Census; 100% data; Total - Age; 0 to 14 years; 5 to 9 years; 7,,,,,,
1,v_CA16_36,Female,7,Number,v_CA16_27,Additive,CA 2016 Census; 100% data; Total - Age; 0 to 14 years; 5 to 9 years; 7,,,,,,
1,v_CA16_38,Male,8,Number,v_CA16_26,Additive,CA 2016 Census; 100% data; Total - Age; 0 to 14 years; 5 to 9 years; 8,,,,,,
1,v_CA16_39,Female,8,Number,v_CA16_27,Additive,CA 2016 Census; 100% data; Total - Age; 0 to 14 years; 5 to 9 years; 8,,,,,,
1,v_CA16_41,Male,9,Number,v_CA16_26,Additive,CA 2016 Census; 100% data; Total - Age; 0 to 14 years; 5 to 9 years; 9,,,,,,
1,v_CA16_42,Female,9,Number,v_CA16_27,Additive,CA 2016 Census; 100% data; Total - Age; 0 to 14 years; 5 to 9 years; 9,,,,,,
1,v_CA16_47,Male,10,Number,v_CA16_44,Additive,CA 2016 Census; 100% data; Total - Age; 0 to 14 years; 10 to 14 years; 10,,,,,,
1,v_CA16_48,Female,10,Number,v_CA16_45,Additive,CA 2016 Census; 100% data; Total - Age; 0 to 14 years; 10 to 14 years; 10,,,,,,
1,v_CA16_50,Male,11,Number,v_CA16_44,Additive,CA 2016 Census; 100% data; Total - Age; 0 to 14 years; 10 to 14 years; 11,,,,,,
1,v_CA16_51,Female,11,Number,v_CA16_45,Additive,CA 2016 Census; 100% data; Total - Age; 0 to 14 years; 10 to 14 years; 11,,,,,,
1,v_CA16_53,Male,12,Number,v_CA16_44,Additive,CA 2016 Census; 100% data; Total - Age; 0 to 14 years; 10 to 14 years; 12,,,,,,
1,v_CA16_54,Female,12,Number,v_CA16_45,Additive,CA 2016 Census; 100% data; Total - Age; 0 to 14 years; 10 to 14 years; 12,,,,,,
1,v_CA16_56,Male,13,Number,v_CA16_44,Additive,CA 2016 Census; 100% data; Total - Age; 0 to 14 years; 10 to 14 years; 13,,,,,,
1,v_CA16_57,Female,13,Number,v_CA16_45,Additive,CA 2016 Census; 100% data; Total - Age; 0 to 14 years; 10 to 14 years; 13,,,,,,
1,v_CA16_59,Male,14,Number,v_CA16_44,Additive,CA 2016 Census; 100% data; Total - Age; 0 to 14 years; 10 to 14 years; 14,,,,,,
1,v_CA16_60,Female,14,Number,v_CA16_45,Additive,CA 2016 Census; 100% data; Total - Age; 0 to 14 years; 10 to 14 years; 14,,,,,,
1,v_CA16_68,Male,15,Number,v_CA16_65,Additive,CA 2016 Census; 100% data; Total - Age; 15 to 64 years; 15 to 19 years; 15,,,,,,
1,v_CA16_69,Female,15,Number,v_CA16_66,Additive,CA 2016 Census; 100% data; Total - Age; 15 to 64 years; 15 to 19 years; 15,,,,,,
1,v_CA16_71,Male,16,Number,v_CA16_65,Additive,CA 2016 Census; 100% data; Total - Age; 15 to 64 years; 15 to 19 years; 16,,,,,,
1,v_CA16_72,Female,16,Number,v_CA16_66,Additive,CA 2016 Census; 100% data; Total - Age; 15 to 64 years; 15 to 19 years; 16,,,,,,
1,v_CA16_74,Male,17,Number,v_CA16_65,Additive,CA 2016 Census; 100% data; Total - Age; 15 to 64 years; 15 to 19 years; 17,,,,,,
1,v_CA16_75,Female,17,Number,v_CA16_66,Additive,CA 2016 Census; 100% data; Total - Age; 15 to 64 years; 15 to 19 years; 17,,,,,,
1,v_CA16_77,Male,18,Number,v_CA16_65,Additive,CA 2016 Census; 100% data; Total - Age; 15 to 64 years; 15 to 19 years; 18,,,,,,
1,v_CA16_78,Female,18,Number,v_CA16_66,Additive,CA 2016 Census; 100% data; Total - Age; 15 to 64 years; 15 to 19 years; 18,,,,,,
1,v_CA16_80,Male,19,Number,v_CA16_65,Additive,CA 2016 Census; 100% data; Total - Age; 15 to 64 years; 15 to 19 years; 19,,,,,,
1,v_CA16_81,Female,19,Number,v_CA16_66,Additive,CA 2016 Census; 100% data; Total - Age; 15 to 64 years; 15 to 19 years; 19,,,,,,
1,v_CA16_86,Male,20,Number,v_CA16_83,Additive,CA 2016 Census; 100% data; Total - Age; 15 to 64 years; 20 to 24 years; 20,,,,,,
1,v_CA16_87,Female,20,Number,v_CA16_84,Additive,CA 2016 Census; 100% data; Total - Age; 15 to 64 years; 20 to 24 years; 20,,,,,,
1,v_CA16_89,Male,21,Number,v_CA16_83,Additive,CA 2016 Census; 100% data; Total - Age; 15 to 64 years; 20 to 24 years; 21,,,,,,
1,v_CA16_90,Female,21,Number,v_CA16_84,Additive,CA 2016 Census; 100% data; Total - Age; 15 to 64 years; 20 to 24 years; 21,,,,,,
1,v_CA16_92,Male,22,Number,v_CA16_83,Additive,CA 2016 Census; 100% data; Total - Age; 15 to 64 years; 20 to 24 years; 22,,,,,,
1,v_CA16_93,Female,22,Number,v_CA16_84,Additive,CA 2016 Census; 100% data; Total - Age; 15 to 64 years; 20 to 24 years; 22,,,,,,
1,v_CA16_95,Male,23,Number,v_CA16_83,Additive,CA 2016 Census; 100% data; Total - Age; 15 to 64 years; 20 to 24 years; 23,,,,,,
1,v_CA16_96,Female,23,Number,v_CA16_84,Additive,CA 2016 Census; 100% data; Total - Age; 15 to 64 years; 20 to 24 years; 23,,,,,,
1,v_CA16_98,Male,24,Number,v_CA16_83,Additive,CA 2016 Census; 100% data; Total - Age; 15 to 64 years; 20 to 24 years; 24,,,,,,
1,v_CA16_99,Female,24,Number,v_CA16_84,Additive,CA 2016 Census; 100% data; Total - Age; 15 to 64 years; 20 to 24 years; 24,,,,,,
1,v_CA16_104,Male,25,Number,v_CA16_101,Additive,CA 2016 Census; 100% data; Total - Age; 15 to 64 years; 25 to 29 years; 25,,,,,,
1,v_CA16_105,Female,25,Number,v_CA16_102,Additive,CA 2016 Census; 100% data; Total - Age; 15 to 64 years; 25 to 29 years; 25,,,,,,
1,v_CA16_107,Male,26,Number,v_CA16_101,Additive,CA 2016 Census; 100% data; Total - Age; 15 to 64 years; 25 to 29 years; 26,,,,,,
1,v_CA16_108,Female,26,Number,v_CA16_102,Additive,CA 2016 Census; 100% data; Total - Age; 15 to 64 years; 25 to 29 years; 26,,,,,,
1,v_CA16_110,Male,27,Number,v_CA16_101,Additive,CA 2016 Census; 100% data; Total - Age; 15 to 64 years; 25 to 29 years; 27,,,,,,
1,v_CA16_111,Female,27,Number,v_CA16_102,Additive,CA 2016 Census; 100% data; Total - Age; 15 to 64 years; 25 to 29 years; 27,,,,,,
1,v_CA16_113,Male,28,Number,v_CA16_101,Additive,CA 2016 Census; 100% data; Total - Age; 15 to 64 years; 25 to 29 years; 28,,,,,,
1,v_CA16_114,Female,28,Number,v_CA16_102,Additive,CA 2016 Census; 100% data; Total - Age; 15 to 64 years; 25 to 29 years; 28,,,,,,
1,v_CA16_116,Male,29,Number,v_CA16_101,Additive,CA 2016 Census; 100% data; Total - Age; 15 to 64 years; 25 to 29 years; 29,,,,,,
1,v_CA16_117,Female,29,Number,v_CA16_102,Additive,CA 2016 Census; 100% data; Total - Age; 15 to 64 years; 25 to 29 years; 29,,,,,,
1,v_CA16_122,Male,30,Number,v_CA16_119,Additive,CA 2016 Census; 100% data; Total - Age; 15 to 64 years; 30 to 34 years; 30,,,,,,
1,v_CA16_123,Female,30,Number,v_CA16_120,Additive,CA 2016 Census; 100% data; Total - Age; 15 to 64 years; 30 to 34 years; 30,,,,,,
1,v_CA16_125,Male,31,Number,v_CA16_119,Additive,CA 2016 Census; 100% data; Total - Age; 15 to 64 years; 30 to 34 years; 31,,,,,,
1,v_CA16_126,Female,31,Number,v_CA16_120,Additive,CA 2016 Census; 100% data; Total - Age; 15 to 64 years; 30 to 34 years; 31,,,,,,
1,v_CA16_128,Male,32,Number,v_CA16_119,Additive,CA 2016 Census; 100% data; Total - Age; 15 to 64 years; 30 to 34 years; 32,,,,,,
1,v_CA16_129,Female,32,Number,v_CA16_120,Additive,CA 2016 Census; 100% data; Total - Age; 15 to 64 years; 30 to 34 years; 32,,,,,,
1,v_CA16_131,Male,33,Number,v_CA16_119,Additive,CA 2016 Census; 100% data; Total - Age; 15 to 64 years; 30 to 34 years; 33,,,,,,
1,v_CA16_132,Female,33,Number,v_CA16_120,Additive,CA 2016 Census; 100% data; Total - Age; 15 to 64 years; 30 to 34 years; 33,,,,,,
1,v_CA16_134,Male,34,Number,v_CA16_119,Additive,CA 2016 Census; 100% data; Total - Age; 15 to 64 years; 30 to 34 years; 34,,,,,,
1,v_CA16_135,Female,34,Number,v_CA16_120,Additive,CA 2016 Census; 100% data; Total - Age; 15 to 64 years; 30 to 34 years; 34,,,,,,
1,v_CA16_140,Male,35,Number,v_CA16_137,Additive,CA 2016 Census; 100% data; Total - Age; 15 to 64 years; 35 to 39 years; 35,,,,,,
1,v_CA16_141,Female,35,Number,v_CA16_138,Additive,CA 2016 Census; 100% data; Total - Age; 15 to 64 years; 35 to 39 years; 35,,,,,,
1,v_CA16_143,Male,36,Number,v_CA16_137,Additive,CA 2016 Census; 100% data; Total - Age; 15 to 64 years; 35 to 39 years; 36,,,,,,
1,v_CA16_144,Female,36,Number,v_CA16_138,Additive,CA 2016 Census; 100% data; Total - Age; 15 to 64 years; 35 to 39 years; 36,,,,,,
1,v_CA16_146,Male,37,Number,v_CA16_137,Additive,CA 2016 Census; 100% data; Total - Age; 15 to 64 years; 35 to 39 years; 37,,,,,,
1,v_CA16_147,Female,37,Number,v_CA16_138,Additive,CA 2016 Census; 100% data; Total - Age; 15 to 64 years; 35 to 39 years; 37,,,,,,
1,v_CA16_149,Male,38,Number,v_CA16_137,Additive,CA 2016 Census; 100% data; Total - Age; 15 to 64 years; 35 to 39 years; 38,,,,,,
1,v_CA16_150,Female,38,Number,v_CA16_138,Additive,CA 2016 Census; 100% data; Total - Age; 15 to 64 years; 35 to 39 years; 38,,,,,,
1,v_CA16_152,Male,39,Number,v_CA16_137,Additive,CA 2016 Census; 100% data; Total - Age; 15 to 64 years; 35 to 39 years; 39,,,,,,
1,v_CA16_153,Female,39,Number,v_CA16_138,Additive,CA 2016 Census; 100% data; Total - Age; 15 to 64 years; 35 to 39 years; 39,,,,,,
1,v_CA16_158,Male,40,Number,v_CA16_155,Additive,CA 2016 Census; 100% data; Total - Age; 15 to 64 years; 40 to 44 years; 40,,,,,,
1,v_CA16_159,Female,40,Number,v_CA16_156,Additive,CA 2016 Census; 100% data; Total - Age; 15 to 64 years; 40 to 44 years; 40,,,,,,
1,v_CA16_161,Male,41,Number,v_CA16_155,Additive,CA 2016 Census; 100% data; Total - Age; 15 to 64 years; 40 to 44 years; 41,,,,,,
1,v_CA16_162,Female,41,Number,v_CA16_156,Additive,CA 2016 Census; 100% data; Total - Age; 15 to 64 years; 40 to 44 years; 41,,,,,,
1,v_CA16_164,Male,42,Number,v_CA16_155,Additive,CA 2016 Census; 100% data; Total - Age; 15 to 64 years; 40 to 44 years; 42,,,,,,
1,v_CA16_165,Female,42,Number,v_CA16_156,Additive,CA 2016 Census; 100% data; Total - Age; 15 to 64 years; 40 to 44 years; 42,,,,,,
1,v_CA16_167,Male,43,Number,v_CA16_155,Additive,CA 2016 Census; 100% data; Total - Age; 15 to 64 years; 40 to 44 years; 43,,,,,,
1,v_CA16_168,Female,43,Number,v_CA16_156,Additive,CA 2016 Census; 100% data; Total - Age; 15 to 64 years; 40 to 44 years; 43,,,,,,
1,v_CA16_170,Male,44,Number,v_CA16_155,Additive,CA 2016 Census; 100% data; Total - Age; 15 to 64 years; 40 to 44 years; 44,,,,,,
1,v_CA16_171,Female,44,Number,v_CA16_156,Additive,CA 2016 Census; 100% data; Total - Age; 15 to 64 years; 40 to 44 years; 44,,,,,,
1,v_CA16_176,Male,45,Number,v_CA16_173,Additive,CA 2016 Census; 100% data; Total - Age; 15 to 64 years; 45 to 49 years; 45,,,,,,
1,v_CA16_177,Female,45,Number,v_CA16_174,Additive,CA 2016 Census; 100% data; Total - Age; 15 to 64 years; 45 to 49 years; 45,,,,,,
1,v_CA16_179,Male,46,Number,v_CA16_173,Additive,CA 2016 Census; 100% data; Total - Age; 15 to 64 years; 45 to 49 years; 46,,,,,,
1,v_CA16_180,Female,46,Number,v_CA16_174,Additive,CA 2016 Census; 100% data; Total - Age; 15 to 64 years; 45 to 49 years; 46,,,,,,
1,v_CA16_182,Male,47,Number,v_CA16_173,Additive,CA 2016 Census; 100% data; Total - Age; 15 to 64 years; 45 to 49 years; 47,,,,,,
1,v_CA16_183,Female,47,Number,v_CA16_174,Additive,CA 2016 Census; 100% data; Total - Age; 15 to 64 years; 45 to 49 years; 47,,,,,,
1,v_CA16_185,Male,48,Number,v_CA16_173,Additive,CA 2016 Census; 100% data; Total - Age; 15 to 64 years; 45 to 49 years; 48,,,,,,
1,v_CA16_186,Female,48,Number,v_CA16_174,Additive,CA 2016 Census; 100% data; Total - Age; 15 to 64 years; 45 to 49 years; 48,,,,,,
1,v_CA16_188,Male,49,Number,v_CA16_173,Additive,CA 2016 Census; 100% data; Total - Age; 15 to 64 years; 45 to 49 years; 49,,,,,,
1,v_CA16_189,Female,49,Number,v_CA16_174,Additive,CA 2016 Census; 100% data; Total - Age; 15 to 64 years; 45 to 49 years; 49,,,,,,
1,v_CA16_194,Male,50,Number,v_CA16_191,Additive,CA 2016 Census; 100% data; Total - Age; 15 to 64 years; 50 to 54 years; 50,,,,,,
1,v_CA16_195,Female,50,Number,v_CA16_192,Additive,CA 2016 Census; 100% data; Total - Age; 15 to 64 years; 50 to 54 years; 50,,,,,,
1,v_CA16_197,Male,51,Number,v_CA16_191,Additive,CA 2016 Census; 100% data; Total - Age; 15 to 64 years; 50 to 54 years; 51,,,,,,
1,v_CA16_198,Female,51,Number,v_CA16_192,Additive,CA 2016 Census; 100% data; Total - Age; 15 to 64 years; 50 to 54 years; 51,,,,,,
1,v_CA16_200,Male,52,Number,v_CA16_191,Additive,CA 2016 Census; 100% data; Total - Age; 15 to 64 years; 50 to 54 years; 52,,,,,,
1,v_CA16_201,Female,52,Number,v_CA16_192,Additive,CA 2016 Census; 100% data; Total - Age; 15 to 64 years; 50 to 54 years; 52,,,,,,
1,v_CA16_203,Male,53,Number,v_CA16_191,Additive,CA 2016 Census; 100% data; Total - Age; 15 to 64 years; 50 to 54 years; 53,,,,,,
1,v_CA16_204,Female,53,Number,v_CA16_192,Additive,CA 2016 Census; 100% data; Total - Age; 15 to 64 years; 50 to 54 years; 53,,,,,,
1,v_CA16_206,Male,54,Number,v_CA16_191,Additive,CA 2016 Census; 100% data; Total - Age; 15 to 64 years; 50 to 54 years; 54,,,,,,
1,v_CA16_207,Female,54,Number,v_CA16_192,Additive,CA 2016 Census; 100% data; Total - Age; 15 to 64 years; 50 to 54 years; 54,,,,,,
1,v_CA16_212,Male,55,Number,v_CA16_209,Additive,CA 2016 Census; 100% data; Total - Age; 15 to 64 years; 55 to 59 years; 55,,,,,,
1,v_CA16_213,Female,55,Number,v_CA16_210,Additive,CA 2016 Census; 100% data; Total - Age; 15 to 64 years; 55 to 59 years; 55,,,,,,
1,v_CA16_215,Male,56,Number,v_CA16_209,Additive,CA 2016 Census; 100% data; Total - Age; 15 to 64 years; 55 to 59 years; 56,,,,,,
1,v_CA16_216,Female,56,Number,v_CA16_210,Additive,CA 2016 Census; 100% data; Total - Age; 15 to 64 years; 55 to 59 years; 56,,,,,,
1,v_CA16_218,Male,57,Number,v_CA16_209,Additive,CA 2016 Census; 100% data; Total - Age; 15 to 64 years; 55 to 59 years; 57,,,,,,
1,v_CA16_219,Female,57,Number,v_CA16_210,Additive,CA 2016 Census; 100% data; Total - Age; 15 to 64 years; 55 to 59 years; 57,,,,,,
1,v_CA16_221,Male,58,Number,v_CA16_209,Additive,CA 2016 Census; 100% data; Total - Age; 15 to 64 years; 55 to 59 years; 58,,,,,,
1,v_CA16_222,Female,58,Number,v_CA16_210,Additive,CA 2016 Census; 100% data; Total - Age; 15 to 64 years; 55 to 59 years; 58,,,,,,
1,v_CA16_224,Male,59,Number,v_CA16_209,Additive,CA 2016 Census; 100% data; Total - Age; 15 to 64 years; 55 to 59 years; 59,,,,,,
1,v_CA16_225,Female,59,Number,v_CA16_210,Additive,CA 2016 Census; 100% data; Total - Age; 15 to 64 years; 55 to 59 years; 59,,,,,,
1,v_CA16_230,Male,60,Number,v_CA16_227,Additive,CA 2016 Census; 100% data; Total - Age; 15 to 64 years; 60 to 64 years; 60,,,,,,
1,v_CA16_231,Female,60,Number,v_CA16_228,Additive,CA 2016 Census; 100% data; Total - Age; 15 to 64 years; 60 to 64 years; 60,,,,,,
1,v_CA16_233,Male,61,Number,v_CA16_227,Additive,CA 2016 Census; 100% data; Total - Age; 15 to 64 years; 60 to 64 years; 61,,,,,,
1,v_CA16_234,Female,61,Number,v_CA16_228,Additive,CA 2016 Census; 100% data; Total - Age; 15 to 64 years; 60 to 64 years; 61,,,,,,
1,v_CA16_236,Male,62,Number,v_CA16_227,Additive,CA 2016 Census; 100% data; Total - Age; 15 to 64 years; 60 to 64 years; 62,,,,,,
1,v_CA16_237,Female,62,Number,v_CA16_228,Additive,CA 2016 Census; 100% data; Total - Age; 15 to 64 years; 60 to 64 years; 62,,,,,,
1,v_CA16_239,Male,63,Number,v_CA16_227,Additive,CA 2016 Census; 100% data; Total - Age; 15 to 64 years; 60 to 64 years; 63,,,,,,
1,v_CA16_240,Female,63,Number,v_CA16_228,Additive,CA 2016 Census; 100% data; Total - Age; 15 to 64 years; 60 to 64 years; 63,,,,,,
1,v_CA16_242,Male,64,Number,v_CA16_227,Additive,CA 2016 Census; 100% data; Total - Age; 15 to 64 years; 60 to 64 years; 64,,,,,,
1,v_CA16_243,Female,64,Number,v_CA16_228,Additive,CA 2016 Census; 100% data; Total - Age; 15 to 64 years; 60 to 64 years; 64,,,,,,
1,v_CA16_251,Male,65,Number,v_CA16_248,Additive,CA 2016 Census; 100% data; Total - Age; 65 years and over; 65 to 69 years; 65,,,,,,
1,v_CA16_252,Female,65,Number,v_CA16_249,Additive,CA 2016 Census; 100% data; Total - Age; 65 years and over; 65 to 69 years; 65,,,,,,
1,v_CA16_254,Male,66,Number,v_CA16_248,Additive,CA 2016 Census; 100% data; Total - Age; 65 years and over; 65 to 69 years; 66,,,,,,
1,v_CA16_255,Female,66,Number,v_CA16_249,Additive,CA 2016 Census; 100% data; Total - Age; 65 years and over; 65 to 69 years; 66,,,,,,
1,v_CA16_257,Male,67,Number,v_CA16_248,Additive,CA 2016 Census; 100% data; Total - Age; 65 years and over; 65 to 69 years; 67,,,,,,
1,v_CA16_258,Female,67,Number,v_CA16_249,Additive,CA 2016 Census; 100% data; Total - Age; 65 years and over; 65 to 69 years; 67,,,,,,
1,v_CA16_260,Male,68,Number,v_CA16_248,Additive,CA 2016 Census; 100% data; Total - Age; 65 years and over; 65 to 69 years; 68,,,,,,
1,v_CA16_261,Female,68,Number,v_CA16_249,Additive,CA 2016 Census; 100% data; Total - Age; 65 years and over; 65 to 69 years; 68,,,,,,
1,v_CA16_263,Male,69,Number,v_CA16_248,Additive,CA 2016 Census; 100% data; Total - Age; 65 years and over; 65 to 69 years; 69,,,,,,
1,v_CA16_264,Female,69,Number,v_CA16_249,Additive,CA 2016 Census; 100% data; Total - Age; 65 years and over; 65 to 69 years; 69,,,,,,
1,v_CA16_269,Male,70,Number,v_CA16_266,Additive,CA 2016 Census; 100% data; Total - Age; 65 years and over; 70 to 74 years; 70,,,,,,
1,v_CA16_270,Female,70,Number,v_CA16_267,Additive,CA 2016 Census; 100% data; Total - Age; 65 years and over; 70 to 74 years; 70,,,,,,
1,v_CA16_272,Male,71,Number,v_CA16_266,Additive,CA 2016 Census; 100% data; Total - Age; 65 years and over; 70 to 74 years; 71,,,,,,
1,v_CA16_273,Female,71,Number,v_CA16_267,Additive,CA 2016 Census; 100% data; Total - Age; 65 years and over; 70 to 74 years; 71,,,,,,
1,v_CA16_275,Male,72,Number,v_CA16_266,Additive,CA 2016 Census; 100% data; Total - Age; 65 years and over; 70 to 74 years; 72,,,,,,
1,v_CA16_276,Female,72,Number,v_CA16_267,Additive,CA 2016 Census; 100% data; Total - Age; 65 years and over; 70 to 74 years; 72,,,,,,
1,v_CA16_278,Male,73,Number,v_CA16_266,Additive,CA 2016 Census; 100% data; Total - Age; 65 years and over; 70 to 74 years; 73,,,,,,
1,v_CA16_279,Female,73,Number,v_CA16_267,Additive,CA 2016 Census; 100% data; Total - Age; 65 years and over; 70 to 74 years; 73,,,,,,
1,v_CA16_281,Male,74,Number,v_CA16_266,Additive,CA 2016 Census; 100% data; Total - Age; 65 years and over; 70 to 74 years; 74,,,,,,
1,v_CA16_282,Female,74,Number,v_CA16_267,Additive,CA 2016 Census; 100% data; Total - Age; 65 years and over; 70 to 74 years; 74,,,,,,
1,v_CA16_287,Male,75,Number,v_CA16_284,Additive,CA 2016 Census; 100% data; Total - Age; 65 years and over; 75 to 79 years; 75,,,,,,
1,v_CA16_288,Female,75,Number,v_CA16_285,Additive,CA 2016 Census; 100% data; Total - Age; 65 years and over; 75 to 79 years; 75,,,,,,
1,v_CA16_290,Male,76,Number,v_CA16_284,Additive,CA 2016 Census; 100% data; Total - Age; 65 years and over; 75 to 79 years; 76,,,,,,
1,v_CA16_291,Female,76,Number,v_CA16_285,Additive,CA 2016 Census; 100% data; Total - Age; 65 years and over; 75 to 79 years; 76,,,,,,
1,v_CA16_293,Male,77,Number,v_CA16_284,Additive,CA 2016 Census; 100% data; Total - Age; 65 years and over; 75 to 79 years; 77,,,,,,
1,v_CA16_294,Female,77,Number,v_CA16_285,Additive,CA 2016 Census; 100% data; Total - Age; 65 years and over; 75 to 79 years; 77,,,,,,
1,v_CA16_296,Male,78,Number,v_CA16_284,Additive,CA 2016 Census; 100% data; Total - Age; 65 years and over; 75 to 79 years; 78,,,,,,
1,v_CA16_297,Female,78,Number,v_CA16_285,Additive,CA 2016 Census; 100% data; Total - Age; 65 years and over; 75 to 79 years; 78,,,,,,
1,v_CA16_299,Male,79,Number,v_CA16_284,Additive,CA 2016 Census; 100% data; Total - Age; 65 years and over; 75 to 79 years; 79,,,,,,
1,v_CA16_300,Female,79,Number,v_CA16_285,Additive,CA 2016 Census; 100% data; Total - Age; 65 years and over; 75 to 79 years; 79,,,,,,
1,v_CA16_305,Male,80,Number,v_CA16_302,Additive,CA 2016 Census; 100% data; Total - Age; 65 years and over; 80 to 84 years; 80,,,,,,
1,v_CA16_306,Female,80,Number,v_CA16_303,Additive,CA 2016 Census; 100% data; Total - Age; 65 years and over; 80 to 84 years; 80,,,,,,
1,v_CA16_308,Male,81,Number,v_CA16_302,Additive,CA 2016 Census; 100% data; Total - Age; 65 years and over; 80 to 84 years; 81,,,,,,
1,v_CA16_309,Female,81,Number,v_CA16_303,Additive,CA 2016 Census; 100% data; Total - Age; 65 years and over; 80 to 84 years; 81,,,,,,
1,v_CA16_311,Male,82,Number,v_CA16_302,Additive,CA 2016 Census; 100% data; Total - Age; 65 years and over; 80 to 84 years; 82,,,,,,
1,v_CA16_312,Female,82,Number,v_CA16_303,Additive,CA 2016 Census; 100% data; Total - Age; 65 years and over; 80 to 84 years; 82,,,,,,
1,v_CA16_314,Male,83,Number,v_CA16_302,Additive,CA 2016 Census; 100% data; Total - Age; 65 years and over; 80 to 84 years; 83,,,,,,
1,v_CA16_315,Female,83,Number,v_CA16_303,Additive,CA 2016 Census; 100% data; Total - Age; 65 years and over; 80 to 84 years; 83,,,,,,
1,v_CA16_317,Male,84,Number,v_CA16_302,Additive,CA 2016 Census; 100% data; Total - Age; 65 years and over; 80 to 84 years; 84,,,,,,
1,v_CA16_318,Female,84,Number,v_CA16_303,Additive,CA 2016 Census; 100% data; Total - Age; 65 years and over; 80 to 84 years; 84,,,,,,
1,v_CA16_326,Male,85,Number,v_CA16_323,Additive,CA 2016 Census; 100% data; Total - Age; 65 years and over; 85 years and over; 85 to 89 years; 85,,,,,,
1,v_CA16_327,Female,85,Number,v_CA16_324,Additive,CA 2016 Census; 100% data; Total - Age; 65 years and over; 85 years and over; 85 to 89 years; 85,,,,,,
1,v_CA16_329,Male,86,Number,v_CA16_323,Additive,CA 2016 Census; 100% data; Total - Age; 65 years and over; 85 years and over; 85 to 89 years; 86,,,,,,
1,v_CA16_330,Female,86,Number,v_CA16_324,Additive,CA 2016 Census; 100% data; Total - Age; 65 years and over; 85 years and over; 85 to 89 years; 86,,,,,,
1,v_CA16_332,Male,87,Number,v_CA16_323,Additive,CA 2016 Census; 100% data; Total - Age; 65 years and over; 85 years and over; 85 to 89 years; 87,,,,,,
1,v_CA16_333,Female,87,Number,v_CA16_324,Additive,CA 2016 Census; 100% data; Total - Age; 65 years and over; 85 years and over; 85 to 89 years; 87,,,,,,
1,v_CA16_335,Male,88,Number,v_CA16_323,Additive,CA 2016 Census; 100% data; Total - Age; 65 years and over; 85 years and over; 85 to 89 years; 88,,,,,,
1,v_CA16_336,Female,88,Number,v_CA16_324,Additive,CA 2016 Census; 100% data; Total - Age; 65 years and over; 85 years and over; 85 to 89 years; 88,,,,,,
1,v_CA16_338,Male,89,Number,v_CA16_323,Additive,CA 2016 Census; 100% data; Total - Age; 65 years and over; 85 years and over; 85 to 89 years; 89,,,,,,
1,v_CA16_339,Female,89,Number,v_CA16_324,Additive,CA 2016 Census; 100% data; Total - Age; 65 years and over; 85 years and over; 85 to 89 years; 89,,,,,,
1,v_CA16_344,Male,90,Number,v_CA16_341,Additive,CA 2016 Census; 100% data; Total - Age; 65 years and over; 85 years and over; 90 to 94 years; 90,,,,,,
1,v_CA16_345,Female,90,Number,v_CA16_342,Additive,CA 2016 Census; 100% data; Total - Age; 65 years and over; 85 years and over; 90 to 94 years; 90,,,,,,
1,v_CA16_347,Male,91,Number,v_CA16_341,Additive,CA 2016 Census; 100% data; Total - Age; 65 years and over; 85 years and over; 90 to 94 years; 91,,,,,,
1,v_CA16_348,Female,91,Number,v_CA16_342,Additive,CA 2016 Census; 100% data; Total - Age; 65 years and over; 85 years and over; 90 to 94 years; 91,,,,,,
1,v_CA16_350,Male,92,Number,v_CA16_341,Additive,CA 2016 Census; 100% data; Total - Age; 65 years and over; 85 years and over; 90 to 94 years; 92,,,,,,
1,v_CA16_351,Female,92,Number,v_CA16_342,Additive,CA 2016 Census; 100% data; Total - Age; 65 years and over; 85 years and over; 90 to 94 years; 92,,,,,,
1,v_CA16_353,Male,93,Number,v_CA16_341,Additive,CA 2016 Census; 100% data; Total - Age; 65 years and over; 85 years and over; 90 to 94 years; 93,,,,,,
1,v_CA16_354,Female,93,Number,v_CA16_342,Additive,CA 2016 Census; 100% data; Total - Age; 65 years and over; 85 years and over; 90 to 94 years; 93,,,,,,
1,v_CA16_356,Male,94,Number,v_CA16_341,Additive,CA 2016 Census; 100% data; Total - Age; 65 years and over; 85 years and over; 90 to 94 years; 94,,,,,,
1,v_CA16_357,Female,94,Number,v_CA16_342,Additive,CA 2016 Census; 100% data; Total - Age; 65 years and over; 85 years and over; 90 to 94 years; 94,,,,,,
1,v_CA16_362,Male,95,Number,v_CA16_359,Additive,CA 2016 Census; 100% data; Total - Age; 65 years and over; 85 years and over; 95 to 99 years; 95,,,,,,
1,v_CA16_363,Female,95,Number,v_CA16_360,Additive,CA 2016 Census; 100% data; Total - Age; 65 years and over; 85 years and over; 95 to 99 years; 95,,,,,,
1,v_CA16_365,Male,96,Number,v_CA16_359,Additive,CA 2016 Census; 100% data; Total - Age; 65 years and over; 85 years and over; 95 to 99 years; 96,,,,,,
1,v_CA16_366,Female,96,Number,v_CA16_360,Additive,CA 2016 Census; 100% data; Total - Age; 65 years and over; 85 years and over; 95 to 99 years; 96,,,,,,
1,v_CA16_368,Male,97,Number,v_CA16_359,Additive,CA 2016 Census; 100% data; Total - Age; 65 years and over; 85 years and over; 95 to 99 years; 97,,,,,,
1,v_CA16_369,Female,97,Number,v_CA16_360,Additive,CA 2016 Census; 100% data; Total - Age; 65 years and over; 85 years and over; 95 to 99 years; 97,,,,,,
1,v_CA16_371,Male,98,Number,v_CA16_359,Additive,CA 2016 Census; 100% data; Total - Age; 65 years and over; 85 years and over; 95 to 99 years; 98,,,,,,
1,v_CA16_372,Female,98,Number,v_CA16_360,Additive,CA 2016 Census; 100% data; Total - Age; 65 years and over; 85 years and over; 95 to 99 years; 98,,,,,,
1,v_CA16_374,Male,99,Number,v_CA16_359,Additive,CA 2016 Census; 100% data; Total - Age; 65 years and over; 85 years and over; 95 to 99 years; 99,,,,,,
1,v_CA16_375,Female,99,Number,v_CA16_360,Additive,CA 2016 Census; 100% data; Total - Age; 65 years and over; 85 years and over; 95 to 99 years; 99,,,,,,
3,v_CA16_2263,Female,"$10,000 to $19,999",Number,v_CA16_2254,Additive,"CA 2016 Census; 100% data; Income; Individuals; Total - Total income groups in 2015 for the population aged 15 years and over in private households - 100% data; With total income; $10,000 to $19,999",,,,,,
3,v_CA16_2290,Female,"$100,000 and over",Number,v_CA16_2254,Additive,"CA 2016 Census; 100% data; Income; Individuals; Total - Total income groups in 2015 for the population aged 15 years and over in private households - 100% data; With total income; $100,000 and over",,,,,,
3,v_CA16_2293,Female,"$100,000 to $149,999",Number,v_CA16_2290,Additive,"CA 2016 Census; 100% data; Income; Individuals; Total - Total income groups in 2015 for the population aged 15 years and over in private households - 100% data; With total income; $100,000 and over; $100,000 to $149,999",,,,,,
3,v_CA16_2296,Female,"$150,000 and over",Number,v_CA16_2290,Additive,"CA 2016 Census; 100% data; Income; Individuals; Total - Total income groups in 2015 for the population aged 15 years and over in private households - 100% data; With total income; $100,000 and over; $150,000 and over",,,,,,
3,v_CA16_2266,Female,"$20,000 to $29,999",Number,v_CA16_2254,Additive,"CA 2016 Census; 100% data; Income; Individuals; Total - Total income groups in 2015 for the population aged 15 years and over in private households - 100% data; With total income; $20,000 to $29,999",,,,,,
3,v_CA16_2269,Female,"$30,000 to $39,999",Number,v_CA16_2254,Additive,"CA 2016 Census; 100% data; Income; Individuals; Total - Total income groups in 2015 for the population aged 15 years and over in private households - 100% data; With total income; $30,000 to $39,999",,,,,,
3,v_CA16_2272,Female,"$40,000 to $49,999",Number,v_CA16_2254,Additive,"CA 2016 Census; 100% data; Income; Individuals; Total - Total income groups in 2015 for the population aged 15 years and over in private households - 100% data; With total income; $40,000 to $49,999",,,,,,
3,v_CA16_2275,Female,"$50,000 to $59,999",Number,v_CA16_2254,Additive,"CA 2016 Census; 100% data; Income; Individuals; Total - Total income groups in 2015 for the population aged 15 years and over in private households - 100% data; With total income; $50,000 to $59,999",,,,,,
3,v_CA16_2278,Female,"$60,000 to $69,999",Number,v_CA16_2254,Additive,"CA 2016 Census; 100% data; Income; Individuals; Total - Total income groups in 2015 for the population aged 15 years and over in private households - 100% data; With total income; $60,000 to $69,999",,,,,,
3,v_CA16_2281,Female,"$70,000 to $79,999",Number,v_CA16_2254,Additive,"CA 2016 Census; 100% data; Income; Individuals; Total - Total income groups in 2015 for the population aged 15 years and over in private households - 100% data; With total income; $70,000 to $79,999",,,,,,
3,v_CA16_2284,Female,"$80,000 to $89,999",Number,v_CA16_2254,Additive,"CA 2016 Census; 100% data; Income; Individuals; Total - Total income groups in 2015 for the population aged 15 years and over in private households - 100% data; With total income; $80,000 to $89,999",,,,,,
3,v_CA16_2287,Female,"$90,000 to $99,999",Number,v_CA16_2254,Additive,"CA 2016 Census; 100% data; Income; Individuals; Total - Total income groups in 2015 for the population aged 15 years and over in private households - 100% data; With total income; $90,000 to $99,999",,,,,,
3,v_CA16_5,Male,0 to 14 years,Number,v_CA16_2,Additive,CA 2016 Census; 100% data; Total - Age; 0 to 14 years,,,,,,
3,v_CA16_6,Female,0 to 14 years,Number,v_CA16_3,Additive,CA 2016 Census; 100% data; Total - Age; 0 to 14 years,,,,,,
3,v_CA16_2545,Female,0 to 17 years (%),Percentage (0-100),v_CA16_2542,Average of v_CA16_2515,"CA 2016 Census; 100% data; Income; Low Income Measures; Prevalence of low income based on the Low-income measure, after tax (LIM-AT) (%); 0 to 17 years (%)",,,,,,
3,v_CA16_8,Male,0 to 4 years,Number,v_CA16_5,Additive,CA 2016 Census; 100% data; Total - Age; 0 to 14 years; 0 to 4 years,,,,,,
3,v_CA16_9,Female,0 to 4 years,Number,v_CA16_6,Additive,CA 2016 Census; 100% data; Total - Age; 0 to 14 years; 0 to 4 years,,,,,,
3,v_CA16_2548,Female,0 to 5 years (%),Percentage (0-100),v_CA16_2545,Average of v_CA16_2518,"CA 2016 Census; 100% data; Income; Low Income Measures; Prevalence of low income based on the Low-income measure, after tax (LIM-AT) (%); 0 to 17 years (%); 0 to 5 years (%)",,,,,,
3,v_CA16_44,Male,10 to 14 years,Number,v_CA16_5,Additive,CA 2016 Census; 100% data; Total - Age; 0 to 14 years; 10 to 14 years,,,,,,
3,v_CA16_45,Female,10 to 14 years,Number,v_CA16_6,Additive,CA 2016 Census; 100% data; Total - Age; 0 to 14 years; 10 to 14 years,,,,,,
3,v_CA16_377,Male,100 years and over,Number,v_CA16_320,Additive,CA 2016 Census; 100% data; Total - Age; 65 years and over; 85 years and over; 100 years and over,,,,,,
3,v_CA16_378,Female,100 years and over,Number,v_CA16_321,Additive,CA 2016 Census; 100% data; Total - Age; 65 years and over; 85 years and over; 100 years and over,,,,,,
3,v_CA16_65,Male,15 to 19 years,Number,v_CA16_62,Additive,CA 2016 Census; 100% data; Total - Age; 15 to 64 years; 15 to 19 years,,,,,,
3,v_CA16_66,Female,15 to 19 years,Number,v_CA16_63,Additive,CA 2016 Census; 100% data; Total - Age; 15 to 64 years; 15 to 19 years,,,,,,
3,v_CA16_5820,Male,15 to 29 minutes,Number,v_CA16_5814,Additive,CA 2016 Census; 25% Data; Commute; Total - Commuting duration for the employed labour force aged 15 years and over in private households with a usual place of work or no fixed workplace address - 25% sample data; 15 to 29 minutes,,,,,,
3,v_CA16_5821,Female,15 to 29 minutes,Number,v_CA16_5815,Additive,CA 2016 Census; 25% Data; Commute; Total - Commuting duration for the employed labour force aged 15 years and over in private households with a usual place of work or no fixed workplace address - 25% sample data; 15 to 29 minutes,,,,,,
3,v_CA16_62,Male,15 to 64 years,Number,v_CA16_2,Additive,CA 2016 Census; 100% data; Total - Age; 15 to 64 years,,,,,,
3,v_CA16_63,Female,15 to 64 years,Number,v_CA16_3,Additive,CA 2016 Census; 100% data; Total - Age; 15 to 64 years,,,,,,
3,v_CA16_2551,Female,18 to 64 years (%),Percentage (0-100),v_CA16_2542,Average of v_CA16_2521,"CA 2016 Census; 100% data; Income; Low Income Measures; Prevalence of low income based on the Low-income measure, after tax (LIM-AT) (%); 18 to 64 years (%)",,,,,,
3,v_CA16_83,Male,20 to 24 years,Number,v_CA16_62,Additive,CA 2016 Census; 100% data; Total - Age; 15 to 64 years; 20 to 24 years,,,,,,
3,v_CA16_84,Female,20 to 24 years,Number,v_CA16_63,Additive,CA 2016 Census; 100% data; Total - Age; 15 to 64 years; 20 to 24 years,,,,,,
3,v_CA16_101,Male,25 to 29 years,Number,v_CA16_62,Additive,CA 2016 Census; 100% data; Total - Age; 15 to 64 years; 25 to 29 years,,,,,,
3,v_CA16_102,Female,25 to 29 years,Number,v_CA16_63,Additive,CA 2016 Census; 100% data; Total - Age; 15 to 64 years; 25 to 29 years,,,,,,
3,v_CA16_119,Male,30 to 34 years,Number,v_CA16_62,Additive,CA 2016 Census; 100% data; Total - Age; 15 to 64 years; 30 to 34 years,,,,,,
3,v_CA16_120,Female,30 to 34 years,Number,v_CA16_63,Additive,CA 2016 Census; 100% data; Total - Age; 15 to 64 years; 30 to 34 years,,,,,,
3,v_CA16_5823,Male,30 to 44 minutes,Number,v_CA16_5814,Additive,CA 2016 Census; 25% Data; Commute; Total - Commuting duration for the employed labour force aged 15 years and over in private households with a usual place of work or no fixed workplace address - 25% sample data; 30 to 44 minutes,,,,,,
3,v_CA16_5824,Female,30 to 44 minutes,Number,v_CA16_5815,Additive,CA 2016 Census; 25% Data; Commute; Total - Commuting duration for the employed labour force aged 15 years and over in private households with a usual place of work or no fixed workplace address - 25% sample data; 30 to 44 minutes,,,,,,
3,v_CA16_137,Male,35 to 39 years,Number,v_CA16_62,Additive,CA 2016 Census; 100% data; Total - Age; 15 to 64 years; 35 to 39 years,,,,,,
3,v_CA16_138,Female,35 to 39 years,Number,v_CA16_63,Additive,CA 2016 Census; 100% data; Total - Age; 15 to 64 years; 35 to 39 years,,,,,,
3,v_CA16_155,Male,40 to 44 years,Number,v_CA16_62,Additive,CA 2016 Census; 100% data; Total - Age; 15 to 64 years; 40 to 44 years,,,,,,
3,v_CA16_156,Female,40 to 44 years,Number,v_CA16_63,Additive,CA 2016 Census; 100% data; Total - Age; 15 to 64 years; 40 to 44 years,,,,,,
3,v_CA16_173,Male,45 to 49 years,Number,v_CA16_62,Additive,CA 2016 Census; 100% data; Total - Age; 15 to 64 years; 45 to 49 years,,,,,,
3,v_CA16_174,Female,45 to 49 years,Number,v_CA16_63,Additive,CA 2016 Census; 100% data; Total - Age; 15 to 64 years; 45 to 49 years,,,,,,
3,v_CA16_5826,Male,45 to 59 minutes,Number,v_CA16_5814,Additive,CA 2016 Census; 25% Data; Commute; Total - Commuting duration for the employed labour force aged 15 years and over in private households with a usual place of work or no fixed workplace address - 25% sample data; 45 to 59 minutes,,,,,,
3,v_CA16_5827,Female,45 to 59 minutes,Number,v_CA16_5815,Additive,CA 2016 Census; 25% Data; Commute; Total - Commuting duration for the employed labour force aged 15 years and over in private households with a usual place of work or no fixed workplace address - 25% sample data; 45 to 59 minutes,,,,,,
3,v_CA16_26,Male,5 to 9 years,Number,v_CA16_5,Additive,CA 2016 Census; 100% data; Total - Age; 0 to 14 years; 5 to 9 years,,,,,,
3,v_CA16_27,Female,5 to 9 years,Number,v_CA16_6,Additive,CA 2016 Census; 100% data; Total - Age; 0 to 14 years; 5 to 9 years,,,,,,
3,v_CA16_191,Male,50 to 54 years,Number,v_CA16_62,Additive,CA 2016 Census; 100% data; Total - Age; 15 to 64 years; 50 to 54 years,,,,,,
3,v_CA16_192,Female,50 to 54 years,Number,v_CA16_63,Additive,CA 2016 Census; 100% data; Total - Age; 15 to 64 years; 50 to 54 years,,,,,,
3,v_CA16_209,Male,55 to 59 years,Number,v_CA16_62,Additive,CA 2016 Census; 100% data; Total - Age; 15 to 64 years; 55 to 59 years,,,,,,
3,v_CA16_210,Female,55 to 59 years,Number,v_CA16_63,Additive,CA 2016 Census; 100% data; Total - Age; 15 to 64 years; 55 to 59 years,,,,,,
3,v_CA16_5829,Male,60 minutes and over,Number,v_CA16_5814,Additive,CA 2016 Census; 25% Data; Commute; Total - Commuting duration for the employed labour force aged 15 years and over in private households with a usual place of work or no fixed workplace address - 25% sample data; 60 minutes and over,,,,,,
3,v_CA16_5830,Female,60 minutes and over,Number,v_CA16_5815,Additive,CA 2016 Census; 25% Data; Commute; Total - Commuting duration for the employed labour force aged 15 years and over in private households with a usual place of work or no fixed workplace address - 25% sample data; 60 minutes and over,,,,,,
3,v_CA16_227,Male,60 to 64 years,Number,v_CA16_62,Additive,CA 2016 Census; 100% data; Total - Age; 15 to 64 years; 60 to 64 years,,,,,,
3,v_CA16_228,Female,60 to 64 years,Number,v_CA16_63,Additive,CA 2016 Census; 100% data; Total - Age; 15 to 64 years; 60 to 64 years,,,,,,
3,v_CA16_248,Male,65 to 69 years,Number,v_CA16_245,Additive,CA 2016 Census; 100% data; Total - Age; 65 years and over; 65 to 69 years,,,,,,
3,v_CA16_249,Female,65 to 69 years,Number,v_CA16_246,Additive,CA 2016 Census; 100% data; Total - Age; 65 years and over; 65 to 69 years,,,,,,
3,v_CA16_245,Male,65 years and over,Number,v_CA16_2,Additive,CA 2016 Census; 100% data; Total - Age; 65 years and over,,,,,,
3,v_CA16_246,Female,65 years and over,Number,v_CA16_3,Additive,CA 2016 Census; 100% data; Total - Age; 65 years and over,,,,,,
3,v_CA16_2554,Female,65 years and over (%),Percentage (0-100),v_CA16_2542,Average of v_CA16_2524,"CA 2016 Census; 100% data; Income; Low Income Measures; Prevalence of low income based on the Low-income measure, after tax (LIM-AT) (%); 65 years and over (%)",,,,,,
3,v_CA16_266,Male,70 to 74 years,Number,v_CA16_245,Additive,CA 2016 Census; 100% data; Total - Age; 65 years and over; 70 to 74 years,,,,,,
3,v_CA16_267,Female,70 to 74 years,Number,v_CA16_246,Additive,CA 2016 Census; 100% data; Total - Age; 65 years and over; 70 to 74 years,,,,,,
3,v_CA16_284,Male,75 to 79 years,Number,v_CA16_245,Additive,CA 2016 Census; 100% data; Total - Age; 65 years and over; 75 to 79 years,,,,,,
3,v_CA16_285,Female,75 to 79 years,Number,v_CA16_246,Additive,CA 2016 Census; 100% data; Total - Age; 65 years and over; 75 to 79 years,,,,,,
3,v_CA16_302,Male,80 to 84 years,Number,v_CA16_245,Additive,CA 2016 Census; 100% data; Total - Age; 65 years and over; 80 to 84 years,,,,,,
3,v_CA16_303,Female,80 to 84 years,Number,v_CA16_246,Additive,CA 2016 Census; 100% data; Total - Age; 65 years and over; 80 to 84 years,,,,,,
3,v_CA16_323,Male,85 to 89 years,Number,v_CA16_320,Additive,CA 2016 Census; 100% data; Total - Age; 65 years and over; 85 years and over; 85 to 89 years,,,,,,
3,v_CA16_324,Female,85 to 89 years,Number,v_CA16_321,Additive,CA 2016 Census; 100% data; Total - Age; 65 years and over; 85 years and over; 85 to 89 years,,,,,,
3,v_CA16_320,Male,85 years and over,Number,v_CA16_245,Additive,CA 2016 Census; 100% data; Total - Age; 65 years and over; 85 years and over,,,,,,
3,v_CA16_321,Female,85 years and over,Number,v_CA16_246,Additive,CA 2016 Census; 100% data; Total - Age; 65 years and over; 85 years and over,,,,,,
3,v_CA16_341,Male,90 to 94 years,Number,v_CA16_320,Additive,CA 2016 Census; 100% data; Total - Age; 65 years and over; 85 years and over; 90 to 94 years,,,,,,
3,v_CA16_342,Female,90 to 94 years,Number,v_CA16_321,Additive,CA 2016 Census; 100% data; Total - Age; 65 years and over; 85 years and over; 90 to 94 years,,,,,,
3,v_CA16_359,Male,95 to 99 years,Number,v_CA16_320,Additive,CA 2016 Census; 100% data; Total - Age; 65 years and over; 85 years and over; 95 to 99 years,,,,,,
3,v_CA16_360,Female,95 to 99 years,Number,v_CA16_321,Additive,CA 2016 Census; 100% data; Total - Age; 65 years and over; 85 years and over; 95 to 99 years,,,,,,
3,v_CA16_5064,Male,Apprenticeship or trades certificate or diploma,Number,v_CA16_5061,Additive,"CA 2016 Census; 25% Data; Education; Certificate/Degree; Total - Highest certificate, diploma or degree for the population aged 15 years and over in private households - 25% sample data; Postsecondary certificate, diploma or degree; Apprenticeship or trades certificate or diploma",,,,,,
3,v_CA16_5065,Female,Apprenticeship or trades certificate or diploma,Number,v_CA16_5062,Additive,"CA 2016 Census; 25% Data; Education; Certificate/Degree; Total - Highest certificate, diploma or degree for the population aged 15 years and over in private households - 25% sample data; Postsecondary certificate, diploma or degree; Apprenticeship or trades certificate or diploma",,,,,,
3,v_CA16_5109,Male,Apprenticeship or trades certificate or diploma,Number,v_CA16_5106,Additive,"CA 2016 Census; 25% Data; Education; Certificate/Degree; Total - Highest certificate, diploma or degree for the population aged 25 to 64 years in private households - 25% sample data; Postsecondary certificate, diploma or degree; Apprenticeship or trades certificate or diploma",,,,,,
3,v_CA16_5110,Female,Apprenticeship or trades certificate or diploma,Number,v_CA16_5107,Additive,"CA 2016 Census; 25% Data; Education; Certificate/Degree; Total - Highest certificate, diploma or degree for the population aged 25 to 64 years in private households - 25% sample data; Postsecondary certificate, diploma or degree; Apprenticeship or trades certificate or diploma",,,,,,
3,v_CA16_5082,Male,Bachelor's degree,Number,v_CA16_5079,Additive,"CA 2016 Census; 25% Data; Education; Certificate/Degree; Total - Highest certificate, diploma or degree for the population aged 15 years and over in private households - 25% sample data; Postsecondary certificate, diploma or degree; University certificate, diploma or degree at bachelor level or above; Bachelor's degree",,,,,,
3,v_CA16_5083,Female,Bachelor's degree,Number,v_CA16_5080,Additive,"CA 2016 Census; 25% Data; Education; Certificate/Degree; Total - Highest certificate, diploma or degree for the population aged 15 years and over in private households - 25% sample data; Postsecondary certificate, diploma or degree; University certificate, diploma or degree at bachelor level or above; Bachelor's degree",,,,,,
3,v_CA16_5127,Male,Bachelor's degree,Number,v_CA16_5124,Additive,"CA 2016 Census; 25% Data; Education; Certificate/Degree; Total - Highest certificate, diploma or degree for the population aged 25 to 64 years in private households - 25% sample data; Postsecondary certificate, diploma or degree; University certificate, diploma or degree at bachelor level or above; Bachelor's degree",,,,,,
3,v_CA16_5128,Female,Bachelor's degree,Number,v_CA16_5125,Additive,"CA 2016 Census; 25% Data; Education; Certificate/Degree; Total - Highest certificate, diploma or degree for the population aged 25 to 64 years in private households - 25% sample data; Postsecondary certificate, diploma or degree; University certificate, diploma or degree at bachelor level or above; Bachelor's degree",,,,,,
3,v_CA16_5808,Male,Bicycle,Number,v_CA16_5793,Additive,CA 2016 Census; 25% Data; Commute; Total - Main mode of commuting for the employed labour force aged 15 years and over in private households with a usual place of work or no fixed workplace address - 25% sample data; Bicycle,,,,,,
3,v_CA16_5809,Female,Bicycle,Number,v_CA16_5794,Additive,CA 2016 Census; 25% Data; Commute; Total - Main mode of commuting for the employed labour force aged 15 years and over in private households with a usual place of work or no fixed workplace address - 25% sample data; Bicycle,,,,,,
3,v_CA16_4603,Male,"Black, n.o.s.",Number,v_CA16_4600,Additive,"CA 2016 Census; 25% Data; Minority / Origin; Total - Ethnic origin for the population in private households - 25% sample data; African origins; Other African origins; Black, n.o.s.",,,,,,
3,v_CA16_4604,Female,"Black, n.o.s.",Number,v_CA16_4601,Additive,"CA 2016 Census; 25% Data; Minority / Origin; Total - Ethnic origin for the population in private households - 25% sample data; African origins; Other African origins; Black, n.o.s.",,,,,,
2,v_CA16_3394,Male,Canadian citizens,Number,v_CA16_3391,Additive,CA 2016 Census; 25% Data; Citizenship and Immigration; Total - Citizenship for the population in private households - 25% sample data; Canadian citizens,,,,,,
2,v_CA16_3395,Female,Canadian citizens,Number,v_CA16_3392,Additive,CA 2016 Census; 25% Data; Citizenship and Immigration; Total - Citizenship for the population in private households - 25% sample data; Canadian citizens,,,,,,
3,v_CA16_5796,Male,"Car, truck, van - as a driver",Number,v_CA16_5793,Additive,"CA 2016 Census; 25% Data; Commute; Total - Main mode of commuting for the employed labour force aged 15 years and over in private households with a usual place of work or no fixed workplace address - 25% sample data; Car, truck, van - as a driver",,,,,,
3,v_CA16_5797,Female,"Car, truck, van - as a driver",Number,v_CA16_5794,Additive,"CA 2016 Census; 25% Data; Commute; Total - Main mode of commuting for the employed labour force aged 15 years and over in private households with a usual place of work or no fixed workplace address - 25% sample data; Car, truck, van - as a driver",,,,,,
3,v_CA16_5799,Male,"Car, truck, van - as a passenger",Number,v_CA16_5793,Additive,"CA 2016 Census; 25% Data; Commute; Total - Main mode of commuting for the employed labour force aged 15 years and over in private households with a usual place of work or no fixed workplace address - 25% sample data; Car, truck, van - as a passenger",,,,,,
3,v_CA16_5800,Female,"Car, truck, van - as a passenger",Number,v_CA16_5794,Additive,"CA 2016 Census; 25% Data; Commute; Total - Main mode of commuting for the employed labour force aged 15 years and over in private households with a usual place of work or no fixed workplace address - 25% sample data; Car, truck, van - as a passenger",,,,,,
3,v_CA16_5070,Male,Certificate of Apprenticeship or Certificate of Qualification,Number,v_CA16_5064,Additive,"CA 2016 Census; 25% Data; Education; Certificate/Degree; Total - Highest certificate, diploma or degree for the population aged 15 years and over in private households - 25% sample data; Postsecondary certificate, diploma or degree; Apprenticeship or trades certificate or diploma; Certificate of Apprenticeship or Certificate of Qualification",,,,,,
3,v_CA16_5071,Female,Certificate of Apprenticeship or Certificate of Qualification,Number,v_CA16_5065,Additive,"CA 2016 Census; 25% Data; Education; Certificate/Degree; Total - Highest certificate, diploma or degree for the population aged 15 years and over in private households - 25% sample data; Postsecondary certificate, diploma or degree; Apprenticeship or trades certificate or diploma; Certificate of Apprenticeship or Certificate of Qualification",,,,,,
3,v_CA16_5115,Male,Certificate of Apprenticeship or Certificate of Qualification,Number,v_CA16_5109,Additive,"CA 2016 Census; 25% Data; Education; Certificate/Degree; Total - Highest certificate, diploma or degree for the population aged 25 to 64 years in private households - 25% sample data; Postsecondary certificate, diploma or degree; Apprenticeship or trades certificate or diploma; Certificate of Apprenticeship or Certificate of Qualification",,,,,,
3,v_CA16_5116,Female,Certificate of Apprenticeship or Certificate of Qualification,Number,v_CA16_5110,Additive,"CA 2016 Census; 25% Data; Education; Certificate/Degree; Total - Highest certificate, diploma or degree for the population aged 25 to 64 years in private households - 25% sample data; Postsecondary certificate, diploma or degree; Apprenticeship or trades certificate or diploma; Certificate of Apprenticeship or Certificate of Qualification",,,,,,
3,v_CA16_5073,Male,"College, CEGEP or other non-university certificate or diploma",Number,v_CA16_5061,Additive,"CA 2016 Census; 25% Data; Education; Certificate/Degree; Total - Highest certificate, diploma or degree for the population aged 15 years and over in private households - 25% sample data; Postsecondary certificate, diploma or degree; College, CEGEP or other non-university certificate or diploma",,,,,,
3,v_CA16_5074,Female,"College, CEGEP or other non-university certificate or diploma",Number,v_CA16_5062,Additive,"CA 2016 Census; 25% Data; Education; Certificate/Degree; Total - Highest certificate, diploma or degree for the population aged 15 years and over in private households - 25% sample data; Postsecondary certificate, diploma or degree; College, CEGEP or other non-university certificate or diploma",,,,,,
3,v_CA16_5118,Male,"College, CEGEP or other non-university certificate or diploma",Number,v_CA16_5106,Additive,"CA 2016 Census; 25% Data; Education; Certificate/Degree; Total - Highest certificate, diploma or degree for the population aged 25 to 64 years in private households - 25% sample data; Postsecondary certificate, diploma or degree; College, CEGEP or other non-university certificate or diploma",,,,,,
3,v_CA16_5119,Female,"College, CEGEP or other non-university certificate or diploma",Number,v_CA16_5107,Additive,"CA 2016 Census; 25% Data; Education; Certificate/Degree; Total - Highest certificate, diploma or degree for the population aged 25 to 64 years in private households - 25% sample data; Postsecondary certificate, diploma or degree; College, CEGEP or other non-university certificate or diploma",,,,,,
3,v_CA16_5787,Male,Commute to a different census subdivision (CSD) and census division (CD) within province or territory of residence,Number,v_CA16_5778,Additive,CA 2016 Census; 25% Data; Commute; Total - Commuting destination for the employed labour force aged 15 years and over in private households with a usual place of work - 25% sample data; Commute to a different census subdivision (CSD) and census division (CD) within province or territory of residence,,,,,,
3,v_CA16_5788,Female,Commute to a different census subdivision (CSD) and census division (CD) within province or territory of residence,Number,v_CA16_5779,Additive,CA 2016 Census; 25% Data; Commute; Total - Commuting destination for the employed labour force aged 15 years and over in private households with a usual place of work - 25% sample data; Commute to a different census subdivision (CSD) and census division (CD) within province or territory of residence,,,,,,
3,v_CA16_5788,Female,Commute to a different census subdivision (CSD) and census division (CD) within province or territory of residence,Number,v_CA16_5779,Additive,CA 2016 Census; 25% Data; Commute; Total - Commuting destination for the employed labour force aged 15 years and over in private households with a usual place of work - 25% sample data; Commute to a different census subdivision (CSD) and census division (CD) within province or territory of residence,,,,,,
3,v_CA16_5784,Male,Commute to a different census subdivision (CSD) within census division (CD) of residence,Number,v_CA16_5778,Additive,CA 2016 Census; 25% Data; Commute; Total - Commuting destination for the employed labour force aged 15 years and over in private households with a usual place of work - 25% sample data; Commute to a different census subdivision (CSD) within census division (CD) of residence,,,,,,
3,v_CA16_5785,Female,Commute to a different census subdivision (CSD) within census division (CD) of residence,Number,v_CA16_5779,Additive,CA 2016 Census; 25% Data; Commute; Total - Commuting destination for the employed labour force aged 15 years and over in private households with a usual place of work - 25% sample data; Commute to a different census subdivision (CSD) within census division (CD) of residence,,,,,,
3,v_CA16_5785,Female,Commute to a different census subdivision (CSD) within census division (CD) of residence,Number,v_CA16_5779,Additive,CA 2016 Census; 25% Data; Commute; Total - Commuting destination for the employed labour force aged 15 years and over in private households with a usual place of work - 25% sample data; Commute to a different census subdivision (CSD) within census division (CD) of residence,,,,,,
3,v_CA16_5790,Male,Commute to a different province or territory,Number,v_CA16_5778,Additive,CA 2016 Census; 25% Data; Commute; Total - Commuting destination for the employed labour force aged 15 years and over in private households with a usual place of work - 25% sample data; Commute to a different province or territory,,,,,,
3,v_CA16_5791,Female,Commute to a different province or territory,Number,v_CA16_5779,Additive,CA 2016 Census; 25% Data; Commute; Total - Commuting destination for the employed labour force aged 15 years and over in private households with a usual place of work - 25% sample data; Commute to a different province or territory,,,,,,
3,v_CA16_5791,Female,Commute to a different province or territory,Number,v_CA16_5779,Additive,CA 2016 Census; 25% Data; Commute; Total - Commuting destination for the employed labour force aged 15 years and over in private households with a usual place of work - 25% sample data; Commute to a different province or territory,,,,,,
3,v_CA16_5781,Male,Commute within census subdivision (CSD) of residence,Number,v_CA16_5778,Additive,CA 2016 Census; 25% Data; Commute; Total - Commuting destination for the employed labour force aged 15 years and over in private households with a usual place of work - 25% sample data; Commute within census subdivision (CSD) of residence,,,,,,
3,v_CA16_5782,Female,Commute within census subdivision (CSD) of residence,Number,v_CA16_5779,Additive,CA 2016 Census; 25% Data; Commute; Total - Commuting destination for the employed labour force aged 15 years and over in private households with a usual place of work - 25% sample data; Commute within census subdivision (CSD) of residence,,,,,,
3,v_CA16_5782,Female,Commute within census subdivision (CSD) of residence,Number,v_CA16_5779,Additive,CA 2016 Census; 25% Data; Commute; Total - Commuting destination for the employed labour force aged 15 years and over in private households with a usual place of work - 25% sample data; Commute within census subdivision (CSD) of residence,,,,,,
2,v_CA16_5088,Male,"Degree in medicine, dentistry, veterinary medicine or optometry",Number,v_CA16_5079,Additive,"CA 2016 Census; 25% Data; Education; Certificate/Degree; Total - Highest certificate, diploma or degree for the population aged 15 years and over in private households - 25% sample data; Postsecondary certificate, diploma or degree; University certificate, diploma or degree at bachelor level or above; Degree in medicine, dentistry, veterinary medicine or optometry",,,,,,
2,v_CA16_5089,Female,"Degree in medicine, dentistry, veterinary medicine or optometry",Number,v_CA16_5080,Additive,"CA 2016 Census; 25% Data; Education; Certificate/Degree; Total - Highest certificate, diploma or degree for the population aged 15 years and over in private households - 25% sample data; Postsecondary certificate, diploma or degree; University certificate, diploma or degree at bachelor level or above; Degree in medicine, dentistry, veterinary medicine or optometry",,,,,,
2,v_CA16_5133,Male,"Degree in medicine, dentistry, veterinary medicine or optometry",Number,v_CA16_5124,Additive,"CA 2016 Census; 25% Data; Education; Certificate/Degree; Total - Highest certificate, diploma or degree for the population aged 25 to 64 years in private households - 25% sample data; Postsecondary certificate, diploma or degree; University certificate, diploma or degree at bachelor level or above; Degree in medicine, dentistry, veterinary medicine or optometry",,,,,,
2,v_CA16_5134,Female,"Degree in medicine, dentistry, veterinary medicine or optometry",Number,v_CA16_5125,Additive,"CA 2016 Census; 25% Data; Education; Certificate/Degree; Total - Highest certificate, diploma or degree for the population aged 25 to 64 years in private households - 25% sample data; Postsecondary certificate, diploma or degree; University certificate, diploma or degree at bachelor level or above; Degree in medicine, dentistry, veterinary medicine or optometry",,,,,,
2,v_CA16_473,Male,Divorced,Number,v_CA16_464,Additive,CA 2016 Census; 100% data; Census Families; Total - Marital status for the population aged 15 years and over - 100% data; Not married and not living common law; Divorced,,,,,,
2,v_CA16_474,Female,Divorced,Number,v_CA16_465,Additive,CA 2016 Census; 100% data; Census Families; Total - Marital status for the population aged 15 years and over - 100% data; Not married and not living common law; Divorced,,,,,,
3,v_CA16_5094,Male,Earned doctorate,Number,v_CA16_5079,Additive,"CA 2016 Census; 25% Data; Education; Certificate/Degree; Total - Highest certificate, diploma or degree for the population aged 15 years and over in private households - 25% sample data; Postsecondary certificate, diploma or degree; University certificate, diploma or degree at bachelor level or above; Earned doctorate",,,,,,
3,v_CA16_5095,Female,Earned doctorate,Number,v_CA16_5080,Additive,"CA 2016 Census; 25% Data; Education; Certificate/Degree; Total - Highest certificate, diploma or degree for the population aged 15 years and over in private households - 25% sample data; Postsecondary certificate, diploma or degree; University certificate, diploma or degree at bachelor level or above; Earned doctorate",,,,,,
3,v_CA16_5139,Male,Earned doctorate,Number,v_CA16_5124,Additive,"CA 2016 Census; 25% Data; Education; Certificate/Degree; Total - Highest certificate, diploma or degree for the population aged 25 to 64 years in private households - 25% sample data; Postsecondary certificate, diploma or degree; University certificate, diploma or degree at bachelor level or above; Earned doctorate",,,,,,
3,v_CA16_5140,Female,Earned doctorate,Number,v_CA16_5125,Additive,"CA 2016 Census; 25% Data; Education; Certificate/Degree; Total - Highest certificate, diploma or degree for the population aged 25 to 64 years in private households - 25% sample data; Postsecondary certificate, diploma or degree; University certificate, diploma or degree at bachelor level or above; Earned doctorate",,,,,,
3,v_CA16_5616,Male,Employment rate,Percentage (0-100),,Average of v_CA16_5604,CA 2016 Census; 25% Data; Work; Labour Force Status; Employment rate,,,,,,
3,v_CA16_5617,Female,Employment rate,Percentage (0-100),,Average of v_CA16_5605,CA 2016 Census; 25% Data; Work; Labour Force Status; Employment rate,,,,,,
3,v_CA16_522,Male,English and French,Number,v_CA16_513,Additive,CA 2016 Census; 100% data; Language; Official Language; Total - Knowledge of official languages for the total population excluding institutional residents - 100% data; English and French,,,,,,
3,v_CA16_523,Female,English and French,Number,v_CA16_514,Additive,CA 2016 Census; 100% data; Language; Official Language; Total - Knowledge of official languages for the total population excluding institutional residents - 100% data; English and French,,,,,,
3,v_CA16_516,Male,English only,Number,v_CA16_513,Additive,CA 2016 Census; 100% data; Language; Official Language; Total - Knowledge of official languages for the total population excluding institutional residents - 100% data; English only,,,,,,
3,v_CA16_517,Female,English only,Number,v_CA16_514,Additive,CA 2016 Census; 100% data; Language; Official Language; Total - Knowledge of official languages for the total population excluding institutional residents - 100% data; English only,,,,,,
3,v_CA16_519,Male,French only,Number,v_CA16_513,Additive,CA 2016 Census; 100% data; Language; Official Language; Total - Knowledge of official languages for the total population excluding institutional residents - 100% data; French only,,,,,,
3,v_CA16_520,Female,French only,Number,v_CA16_514,Additive,CA 2016 Census; 100% data; Language; Official Language; Total - Knowledge of official languages for the total population excluding institutional residents - 100% data; French only,,,,,,
2,v_CA16_5292,Male,Health and related fields,Number,v_CA16_5142,Additive,CA 2016 Census; 25% Data; Education; Total - Major field of study - Classification of Instructional Programs (CIP) 2016 for the population aged 15 years and over in private households - 25% sample data; Health and related fields,,,,,,
2,v_CA16_5293,Female,Health and related fields,Number,v_CA16_5143,Additive,CA 2016 Census; 25% Data; Education; Total - Major field of study - Classification of Instructional Programs (CIP) 2016 for the population aged 15 years and over in private households - 25% sample data; Health and related fields,,,,,,
2,v_CA16_4369,Male,Hispanic,Number,v_CA16_4330,Additive,"CA 2016 Census; 25% Data; Minority / Origin; Total - Ethnic origin for the population in private households - 25% sample data; Latin, Central and South American origins; Hispanic",,,,,,
2,v_CA16_4370,Female,Hispanic,Number,v_CA16_4331,Additive,"CA 2016 Census; 25% Data; Minority / Origin; Total - Ethnic origin for the population in private households - 25% sample data; Latin, Central and South American origins; Hispanic",,,,,,
2,v_CA16_3412,Male,Immigrants,Number,v_CA16_3406,Additive,CA 2016 Census; 25% Data; Citizenship and Immigration; Total - Immigrant status and period of immigration for the population in private households - 25% sample data; Immigrants,,,,,,
2,v_CA16_3413,Female,Immigrants,Number,v_CA16_3407,Additive,CA 2016 Census; 25% Data; Citizenship and Immigration; Total - Immigrant status and period of immigration for the population in private households - 25% sample data; Immigrants,,,,,,
3,v_CA16_5817,Male,Less than 15 minutes,Number,v_CA16_5814,Additive,CA 2016 Census; 25% Data; Commute; Total - Commuting duration for the employed labour force aged 15 years and over in private households with a usual place of work or no fixed workplace address - 25% sample data; Less than 15 minutes,,,,,,
3,v_CA16_5818,Female,Less than 15 minutes,Number,v_CA16_5815,Additive,CA 2016 Census; 25% Data; Commute; Total - Commuting duration for the employed labour force aged 15 years and over in private households with a usual place of work or no fixed workplace address - 25% sample data; Less than 15 minutes,,,,,,
2,v_CA16_461,Male,Living common law,Number,v_CA16_455,Additive,CA 2016 Census; 100% data; Census Families; Total - Marital status for the population aged 15 years and over - 100% data; Married or living common law; Living common law,,,,,,
2,v_CA16_462,Female,Living common law,Number,v_CA16_456,Additive,CA 2016 Census; 100% data; Census Families; Total - Marital status for the population aged 15 years and over - 100% data; Married or living common law; Living common law,,,,,,
2,v_CA16_458,Male,Married,Number,v_CA16_455,Additive,CA 2016 Census; 100% data; Census Families; Total - Marital status for the population aged 15 years and over - 100% data; Married or living common law; Married,,,,,,
2,v_CA16_459,Female,Married,Number,v_CA16_456,Additive,CA 2016 Census; 100% data; Census Families; Total - Marital status for the population aged 15 years and over - 100% data; Married or living common law; Married,,,,,,
3,v_CA16_5091,Male,Master's degree,Number,v_CA16_5079,Additive,"CA 2016 Census; 25% Data; Education; Certificate/Degree; Total - Highest certificate, diploma or degree for the population aged 15 years and over in private households - 25% sample data; Postsecondary certificate, diploma or degree; University certificate, diploma or degree at bachelor level or above; Master's degree",,,,,,
3,v_CA16_5092,Female,Master's degree,Number,v_CA16_5080,Additive,"CA 2016 Census; 25% Data; Education; Certificate/Degree; Total - Highest certificate, diploma or degree for the population aged 15 years and over in private households - 25% sample data; Postsecondary certificate, diploma or degree; University certificate, diploma or degree at bachelor level or above; Master's degree",,,,,,
3,v_CA16_5136,Male,Master's degree,Number,v_CA16_5124,Additive,"CA 2016 Census; 25% Data; Education; Certificate/Degree; Total - Highest certificate, diploma or degree for the population aged 25 to 64 years in private households - 25% sample data; Postsecondary certificate, diploma or degree; University certificate, diploma or degree at bachelor level or above; Master's degree",,,,,,
3,v_CA16_5137,Female,Master's degree,Number,v_CA16_5125,Additive,"CA 2016 Census; 25% Data; Education; Certificate/Degree; Total - Highest certificate, diploma or degree for the population aged 25 to 64 years in private households - 25% sample data; Postsecondary certificate, diploma or degree; University certificate, diploma or degree at bachelor level or above; Master's degree",,,,,,
3,v_CA16_525,Male,Neither English nor French,Number,v_CA16_513,Additive,CA 2016 Census; 100% data; Language; Official Language; Total - Knowledge of official languages for the total population excluding institutional residents - 100% data; Neither English nor French,,,,,,
3,v_CA16_526,Female,Neither English nor French,Number,v_CA16_514,Additive,CA 2016 Census; 100% data; Language; Official Language; Total - Knowledge of official languages for the total population excluding institutional residents - 100% data; Neither English nor French,,,,,,
2,v_CA16_467,Male,Never married,Number,v_CA16_464,Additive,CA 2016 Census; 100% data; Census Families; Total - Marital status for the population aged 15 years and over - 100% data; Not married and not living common law; Never married,,,,,,
2,v_CA16_468,Female,Never married,Number,v_CA16_465,Additive,CA 2016 Census; 100% data; Census Families; Total - Marital status for the population aged 15 years and over - 100% data; Not married and not living common law; Never married,,,,,,
3,v_CA16_5055,Male,"No certificate, diploma or degree",Number,v_CA16_5052,Additive,"CA 2016 Census; 25% Data; Education; Certificate/Degree; Total - Highest certificate, diploma or degree for the population aged 15 years and over in private households - 25% sample data; No certificate, diploma or degree",,,,,,
3,v_CA16_5056,Female,"No certificate, diploma or degree",Number,v_CA16_5053,Additive,"CA 2016 Census; 25% Data; Education; Certificate/Degree; Total - Highest certificate, diploma or degree for the population aged 15 years and over in private households - 25% sample data; No certificate, diploma or degree",,,,,,
3,v_CA16_5100,Male,"No certificate, diploma or degree",Number,v_CA16_5097,Additive,"CA 2016 Census; 25% Data; Education; Certificate/Degree; Total - Highest certificate, diploma or degree for the population aged 25 to 64 years in private households - 25% sample data; No certificate, diploma or degree",,,,,,
3,v_CA16_5101,Female,"No certificate, diploma or degree",Number,v_CA16_5098,Additive,"CA 2016 Census; 25% Data; Education; Certificate/Degree; Total - Highest certificate, diploma or degree for the population aged 25 to 64 years in private households - 25% sample data; No certificate, diploma or degree",,,,,,
3,v_CA16_5145,Male,"No postsecondary certificate, diploma or degree",Number,v_CA16_5142,Additive,"CA 2016 Census; 25% Data; Education; Total - Major field of study - Classification of Instructional Programs (CIP) 2016 for the population aged 15 years and over in private households - 25% sample data; No postsecondary certificate, diploma or degree",,,,,,
3,v_CA16_5146,Female,"No postsecondary certificate, diploma or degree",Number,v_CA16_5143,Additive,"CA 2016 Census; 25% Data; Education; Total - Major field of study - Classification of Instructional Programs (CIP) 2016 for the population aged 15 years and over in private households - 25% sample data; No postsecondary certificate, diploma or degree",,,,,,
2,v_CA16_3403,Male,Not Canadian citizens,Number,v_CA16_3391,Additive,CA 2016 Census; 25% Data; Citizenship and Immigration; Total - Citizenship for the population in private households - 25% sample data; Not Canadian citizens,,,,,,
2,v_CA16_3404,Female,Not Canadian citizens,Number,v_CA16_3392,Additive,CA 2016 Census; 25% Data; Citizenship and Immigration; Total - Citizenship for the population in private households - 25% sample data; Not Canadian citizens,,,,,,
2,v_CA16_464,Male,Not married and not living common law,Number,v_CA16_452,Additive,CA 2016 Census; 100% data; Census Families; Total - Marital status for the population aged 15 years and over - 100% data; Not married and not living common law,,,,,,
2,v_CA16_465,Female,Not married and not living common law,Number,v_CA16_453,Additive,CA 2016 Census; 100% data; Census Families; Total - Marital status for the population aged 15 years and over - 100% data; Not married and not living common law,,,,,,
3,v_CA16_547,Female,Official language minority (percentage),Percentage (0-100),,Average of v_CA16_532,CA 2016 Census; 100% data; Language; Official Language; Official language minority; Official language minority (percentage),,,,,,
3,v_CA16_5061,Male,"Postsecondary certificate, diploma or degree",Number,v_CA16_5052,Additive,"CA 2016 Census; 25% Data; Education; Certificate/Degree; Total - Highest certificate, diploma or degree for the population aged 15 years and over in private households - 25% sample data; Postsecondary certificate, diploma or degree",,,,,,
3,v_CA16_5062,Female,"Postsecondary certificate, diploma or degree",Number,v_CA16_5053,Additive,"CA 2016 Census; 25% Data; Education; Certificate/Degree; Total - Highest certificate, diploma or degree for the population aged 15 years and over in private households - 25% sample data; Postsecondary certificate, diploma or degree",,,,,,
3,v_CA16_5106,Male,"Postsecondary certificate, diploma or degree",Number,v_CA16_5097,Additive,"CA 2016 Census; 25% Data; Education; Certificate/Degree; Total - Highest certificate, diploma or degree for the population aged 25 to 64 years in private households - 25% sample data; Postsecondary certificate, diploma or degree",,,,,,
3,v_CA16_5107,Female,"Postsecondary certificate, diploma or degree",Number,v_CA16_5098,Additive,"CA 2016 Census; 25% Data; Education; Certificate/Degree; Total - Highest certificate, diploma or degree for the population aged 25 to 64 years in private households - 25% sample data; Postsecondary certificate, diploma or degree",,,,,,
3,v_CA16_5802,Male,Public transit,Number,v_CA16_5793,Additive,CA 2016 Census; 25% Data; Commute; Total - Main mode of commuting for the employed labour force aged 15 years and over in private households with a usual place of work or no fixed workplace address - 25% sample data; Public transit,,,,,,
3,v_CA16_5803,Female,Public transit,Number,v_CA16_5794,Additive,CA 2016 Census; 25% Data; Commute; Total - Main mode of commuting for the employed labour force aged 15 years and over in private households with a usual place of work or no fixed workplace address - 25% sample data; Public transit,,,,,,
3,v_CA16_5058,Male,Secondary (high) school diploma or equivalency certificate,Number,v_CA16_5052,Additive,"CA 2016 Census; 25% Data; Education; Certificate/Degree; Total - Highest certificate, diploma or degree for the population aged 15 years and over in private households - 25% sample data; Secondary (high) school diploma or equivalency certificate",,,,,,
3,v_CA16_5059,Female,Secondary (high) school diploma or equivalency certificate,Number,v_CA16_5053,Additive,"CA 2016 Census; 25% Data; Education; Certificate/Degree; Total - Highest certificate, diploma or degree for the population aged 15 years and over in private households - 25% sample data; Secondary (high) school diploma or equivalency certificate",,,,,,
3,v_CA16_5103,Male,Secondary (high) school diploma or equivalency certificate,Number,v_CA16_5097,Additive,"CA 2016 Census; 25% Data; Education; Certificate/Degree; Total - Highest certificate, diploma or degree for the population aged 25 to 64 years in private households - 25% sample data; Secondary (high) school diploma or equivalency certificate",,,,,,
3,v_CA16_5104,Female,Secondary (high) school diploma or equivalency certificate,Number,v_CA16_5098,Additive,"CA 2016 Census; 25% Data; Education; Certificate/Degree; Total - Highest certificate, diploma or degree for the population aged 25 to 64 years in private households - 25% sample data; Secondary (high) school diploma or equivalency certificate",,,,,,
2,v_CA16_470,Male,Separated,Number,v_CA16_464,Additive,CA 2016 Census; 100% data; Census Families; Total - Marital status for the population aged 15 years and over - 100% data; Not married and not living common law; Separated,,,,,,
2,v_CA16_471,Female,Separated,Number,v_CA16_465,Additive,CA 2016 Census; 100% data; Census Families; Total - Marital status for the population aged 15 years and over - 100% data; Not married and not living common law; Separated,,,,,,
2,v_CA16_3961,Male,South Asian,Number,v_CA16_3958,Additive,CA 2016 Census; 25% Data; Minority / Origin; Total - Visible minority for the population in private households - 25% sample data; Total visible minority population; South Asian,,,,,,
2,v_CA16_3962,Female,South Asian,Number,v_CA16_3959,Additive,CA 2016 Census; 25% Data; Minority / Origin; Total - Visible minority for the population in private households - 25% sample data; Total visible minority population; South Asian,,,,,,
3,v_CA16_3,Female,Total - Age,Number,,Additive,CA 2016 Census; 100% data; Total - Age,,,,,,
3,v_CA16_5052,Male,"Total - Highest certificate, diploma or degree for the population aged 15 years and over in private households - 25% sample data",Number,,Additive,"CA 2016 Census; 25% Data; Education; Certificate/Degree; Total - Highest certificate, diploma or degree for the population aged 15 years and over in private households - 25% sample data",,,,,,
3,v_CA16_5053,Female,"Total - Highest certificate, diploma or degree for the population aged 15 years and over in private households - 25% sample data",Number,,Additive,"CA 2016 Census; 25% Data; Education; Certificate/Degree; Total - Highest certificate, diploma or degree for the population aged 15 years and over in private households - 25% sample data",,,,,,
3,v_CA16_5097,Male,"Total - Highest certificate, diploma or degree for the population aged 25 to 64 years in private households - 25% sample data",Number,,Additive,"CA 2016 Census; 25% Data; Education; Certificate/Degree; Total - Highest certificate, diploma or degree for the population aged 25 to 64 years in private households - 25% sample data",,,,,,
3,v_CA16_5098,Female,"Total - Highest certificate, diploma or degree for the population aged 25 to 64 years in private households - 25% sample data",Number,,Additive,"CA 2016 Census; 25% Data; Education; Certificate/Degree; Total - Highest certificate, diploma or degree for the population aged 25 to 64 years in private households - 25% sample data",,,,,,
3,v_CA16_5793,Male,Total - Main mode of commuting for the employed labour force aged 15 years and over in private households with a usual place of work or no fixed workplace address - 25% sample data,Number,,Additive,CA 2016 Census; 25% Data; Commute; Total - Main mode of commuting for the employed labour force aged 15 years and over in private households with a usual place of work or no fixed workplace address - 25% sample data,,,,,,
3,v_CA16_5794,Female,Total - Main mode of commuting for the employed labour force aged 15 years and over in private households with a usual place of work or no fixed workplace address - 25% sample data,Number,,Additive,CA 2016 Census; 25% Data; Commute; Total - Main mode of commuting for the employed labour force aged 15 years and over in private households with a usual place of work or no fixed workplace address - 25% sample data,,,,,,
3,v_CA16_5142,Male,Total - Major field of study - Classification of Instructional Programs (CIP) 2016 for the population aged 15 years and over in private households - 25% sample data,Number,,Additive,CA 2016 Census; 25% Data; Education; Total - Major field of study - Classification of Instructional Programs (CIP) 2016 for the population aged 15 years and over in private households - 25% sample data,,,,,,
3,v_CA16_5143,Female,Total - Major field of study - Classification of Instructional Programs (CIP) 2016 for the population aged 15 years and over in private households - 25% sample data,Number,,Additive,CA 2016 Census; 25% Data; Education; Total - Major field of study - Classification of Instructional Programs (CIP) 2016 for the population aged 15 years and over in private households - 25% sample data,,,,,,
3,v_CA16_5067,Male,Trades certificate or diploma other than Certificate of Apprenticeship or Certificate of Qualification,Number,v_CA16_5064,Additive,"CA 2016 Census; 25% Data; Education; Certificate/Degree; Total - Highest certificate, diploma or degree for the population aged 15 years and over in private households - 25% sample data; Postsecondary certificate, diploma or degree; Apprenticeship or trades certificate or diploma; Trades certificate or diploma other than Certificate of Apprenticeship or Certificate of Qualification",,,,,,
3,v_CA16_5068,Female,Trades certificate or diploma other than Certificate of Apprenticeship or Certificate of Qualification,Number,v_CA16_5065,Additive,"CA 2016 Census; 25% Data; Education; Certificate/Degree; Total - Highest certificate, diploma or degree for the population aged 15 years and over in private households - 25% sample data; Postsecondary certificate, diploma or degree; Apprenticeship or trades certificate or diploma; Trades certificate or diploma other than Certificate of Apprenticeship or Certificate of Qualification",,,,,,
3,v_CA16_5112,Male,Trades certificate or diploma other than Certificate of Apprenticeship or Certificate of Qualification,Number,v_CA16_5109,Additive,"CA 2016 Census; 25% Data; Education; Certificate/Degree; Total - Highest certificate, diploma or degree for the population aged 25 to 64 years in private households - 25% sample data; Postsecondary certificate, diploma or degree; Apprenticeship or trades certificate or diploma; Trades certificate or diploma other than Certificate of Apprenticeship or Certificate of Qualification",,,,,,
3,v_CA16_5113,Female,Trades certificate or diploma other than Certificate of Apprenticeship or Certificate of Qualification,Number,v_CA16_5110,Additive,"CA 2016 Census; 25% Data; Education; Certificate/Degree; Total - Highest certificate, diploma or degree for the population aged 25 to 64 years in private households - 25% sample data; Postsecondary certificate, diploma or degree; Apprenticeship or trades certificate or diploma; Trades certificate or diploma other than Certificate of Apprenticeship or Certificate of Qualification",,,,,,
1,v_CA16_11,Male,Under 1 year,Number,v_CA16_8,Additive,CA 2016 Census; 100% data; Total - Age; 0 to 14 years; 0 to 4 years; Under 1 year,,,,,,
1,v_CA16_12,Female,Under 1 year,Number,v_CA16_9,Additive,CA 2016 Census; 100% data; Total - Age; 0 to 14 years; 0 to 4 years; Under 1 year,,,,,,
3,v_CA16_5619,Male,Unemployment rate,Percentage (0-100),,Average of v_CA16_5604,CA 2016 Census; 25% Data; Work; Labour Force Status; Unemployment rate,,,,,,
3,v_CA16_5620,Female,Unemployment rate,Percentage (0-100),,Average of v_CA16_5605,CA 2016 Census; 25% Data; Work; Labour Force Status; Unemployment rate,,,,,,
3,v_CA16_5085,Male,University certificate or diploma above bachelor level,Number,v_CA16_5079,Additive,"CA 2016 Census; 25% Data; Education; Certificate/Degree; Total - Highest certificate, diploma or degree for the population aged 15 years and over in private households - 25% sample data; Postsecondary certificate, diploma or degree; University certificate, diploma or degree at bachelor level or above; University certificate or diploma above bachelor level",,,,,,
3,v_CA16_5086,Female,University certificate or diploma above bachelor level,Number,v_CA16_5080,Additive,"CA 2016 Census; 25% Data; Education; Certificate/Degree; Total - Highest certificate, diploma or degree for the population aged 15 years and over in private households - 25% sample data; Postsecondary certificate, diploma or degree; University certificate, diploma or degree at bachelor level or above; University certificate or diploma above bachelor level",,,,,,
3,v_CA16_5130,Male,University certificate or diploma above bachelor level,Number,v_CA16_5124,Additive,"CA 2016 Census; 25% Data; Education; Certificate/Degree; Total - Highest certificate, diploma or degree for the population aged 25 to 64 years in private households - 25% sample data; Postsecondary certificate, diploma or degree; University certificate, diploma or degree at bachelor level or above; University certificate or diploma above bachelor level",,,,,,
3,v_CA16_5131,Female,University certificate or diploma above bachelor level,Number,v_CA16_5125,Additive,"CA 2016 Census; 25% Data; Education; Certificate/Degree; Total - Highest certificate, diploma or degree for the population aged 25 to 64 years in private households - 25% sample data; Postsecondary certificate, diploma or degree; University certificate, diploma or degree at bachelor level or above; University certificate or diploma above bachelor level",,,,,,
3,v_CA16_5076,Male,University certificate or diploma below bachelor level,Number,v_CA16_5061,Additive,"CA 2016 Census; 25% Data; Education; Certificate/Degree; Total - Highest certificate, diploma or degree for the population aged 15 years and over in private households - 25% sample data; Postsecondary certificate, diploma or degree; University certificate or diploma below bachelor level",,,,,,
3,v_CA16_5077,Female,University certificate or diploma below bachelor level,Number,v_CA16_5062,Additive,"CA 2016 Census; 25% Data; Education; Certificate/Degree; Total - Highest certificate, diploma or degree for the population aged 15 years and over in private households - 25% sample data; Postsecondary certificate, diploma or degree; University certificate or diploma below bachelor level",,,,,,
3,v_CA16_5121,Male,University certificate or diploma below bachelor level,Number,v_CA16_5106,Additive,"CA 2016 Census; 25% Data; Education; Certificate/Degree; Total - Highest certificate, diploma or degree for the population aged 25 to 64 years in private households - 25% sample data; Postsecondary certificate, diploma or degree; University certificate or diploma below bachelor level",,,,,,
3,v_CA16_5122,Female,University certificate or diploma below bachelor level,Number,v_CA16_5107,Additive,"CA 2016 Census; 25% Data; Education; Certificate/Degree; Total - Highest certificate, diploma or degree for the population aged 25 to 64 years in private households - 25% sample data; Postsecondary certificate, diploma or degree; University certificate or diploma below bachelor level",,,,,,
3,v_CA16_5079,Male,"University certificate, diploma or degree at bachelor level or above",Number,v_CA16_5061,Additive,"CA 2016 Census; 25% Data; Education; Certificate/Degree; Total - Highest certificate, diploma or degree for the population aged 15 years and over in private households - 25% sample data; Postsecondary certificate, diploma or degree; University certificate, diploma or degree at bachelor level or above",,,,,,
3,v_CA16_5080,Female,"University certificate, diploma or degree at bachelor level or above",Number,v_CA16_5062,Additive,"CA 2016 Census; 25% Data; Education; Certificate/Degree; Total - Highest certificate, diploma or degree for the population aged 15 years and over in private households - 25% sample data; Postsecondary certificate, diploma or degree; University certificate, diploma or degree at bachelor level or above",,,,,,
3,v_CA16_5124,Male,"University certificate, diploma or degree at bachelor level or above",Number,v_CA16_5106,Additive,"CA 2016 Census; 25% Data; Education; Certificate/Degree; Total - Highest certificate, diploma or degree for the population aged 25 to 64 years in private households - 25% sample data; Postsecondary certificate, diploma or degree; University certificate, diploma or degree at bachelor level or above",,,,,,
3,v_CA16_5125,Female,"University certificate, diploma or degree at bachelor level or above",Number,v_CA16_5107,Additive,"CA 2016 Census; 25% Data; Education; Certificate/Degree; Total - Highest certificate, diploma or degree for the population aged 25 to 64 years in private households - 25% sample data; Postsecondary certificate, diploma or degree; University certificate, diploma or degree at bachelor level or above",,,,,,
3,v_CA16_5805,Male,Walked,Number,v_CA16_5793,Additive,CA 2016 Census; 25% Data; Commute; Total - Main mode of commuting for the employed labour force aged 15 years and over in private households with a usual place of work or no fixed workplace address - 25% sample data; Walked,,,,,,
3,v_CA16_5806,Female,Walked,Number,v_CA16_5794,Additive,CA 2016 Census; 25% Data; Commute; Total - Main mode of commuting for the employed labour force aged 15 years and over in private households with a usual place of work or no fixed workplace address - 25% sample data; Walked,,,,,,
2,v_CA16_476,Male,Widowed,Number,v_CA16_464,Additive,CA 2016 Census; 100% data; Census Families; Total - Marital status for the population aged 15 years and over - 100% data; Not married and not living common law; Widowed,,,,,,
2,v_CA16_477,Female,Widowed,Number,v_CA16_465,Additive,CA 2016 Census; 100% data; Census Families; Total - M,,,,,,
,,,,,,,,,,,,,
,,,,,,,,,,,,,
,,,,,,,,,,,,,
,,,,,,,,,,,,,
,,,,,,,,,,,,,
,,,,,,,,,,,,,
,,,,,,,,,,,,,
,,,,,,,,,,,,,
,,,,,,,,,,,,,
,,,,,,,,,,,,,
,,,,,,,,,,,,,
,,,,,,,,,,,,,
,,,,,,,,,,,,,
,,,,,,,,,,,,,
,,,,,,,,,,,,,
,,,,,,,,,,,,,
,,,,,,,,,,,,,
,,,,,,,,,,,,,
,,,,,,,,,,,,,
,,,,,,,,,,,,,
,,,,,,,,,,,,,
,,,,,,,,,,,,,
,,,,,,,,,,,,,
,,,,,,,,,,,,,
,,,,,,,,,,,,,
,,,,,,,,,,,,,
,,,,,,,,,,,,,
,,,,,,,,,,,,,
,,,,,,,,,,,,,
,,,,,,,,,,,,,
,,,,,,,,,,,,,
,,,,,,,,,,,,,
,,,,,,,,,,,,,
,,,,,,,,,,,,,
,,,,,,,,,,,,,
,,,,,,,,,,,,,
,,,,,,,,,,,,,
,,,,,,,,,,,,,
,,,,,,,,,,,,,
,,,,,,,,,,,,,
,,,,,,,,,,,,,
,,,,,,,,,,,,,
,,,,,,,,,,,,,
,,,,,,,,,,,,,
,,,,,,,,,,,,,
,,,,,,,,,,,,,
,,,,,,,,,,,,,
,,,,,,,,,,,,,
,,,,,,,,,,,,,
