"","Importance","Vector","Gender","Variable","Type","Parent Vector","Type_1","Pathway"
"1",3,"v_CA16_2259","Male","Under $10,000 (including loss)","Number","v_CA16_2253","Additive","CA 2016 Census; 100% data; Income; Individuals; Total - Total income groups in 2015 for the population aged 15 years and over in private households - 100% data; With total income; Under $10,000 (including loss)"
"2",3,"v_CA16_2260","Female","Under $10,000 (including loss)","Number","v_CA16_2254","Additive","CA 2016 Census; 100% data; Income; Individuals; Total - Total income groups in 2015 for the population aged 15 years and over in private households - 100% data; With total income; Under $10,000 (including loss)"
"3",3,"v_CA16_2262","Male","$10,000 to $19,999","Number","v_CA16_2253","Additive","CA 2016 Census; 100% data; Income; Individuals; Total - Total income groups in 2015 for the population aged 15 years and over in private households - 100% data; With total income; $10,000 to $19,999"
"4",3,"v_CA16_2263","Female","$10,000 to $19,999","Number","v_CA16_2254","Additive","CA 2016 Census; 100% data; Income; Individuals; Total - Total income groups in 2015 for the population aged 15 years and over in private households - 100% data; With total income; $10,000 to $19,999"
"5",3,"v_CA16_2265","Male","$20,000 to $29,999","Number","v_CA16_2253","Additive","CA 2016 Census; 100% data; Income; Individuals; Total - Total income groups in 2015 for the population aged 15 years and over in private households - 100% data; With total income; $20,000 to $29,999"
"6",3,"v_CA16_2266","Female","$20,000 to $29,999","Number","v_CA16_2254","Additive","CA 2016 Census; 100% data; Income; Individuals; Total - Total income groups in 2015 for the population aged 15 years and over in private households - 100% data; With total income; $20,000 to $29,999"
"7",3,"v_CA16_2268","Male","$30,000 to $39,999","Number","v_CA16_2253","Additive","CA 2016 Census; 100% data; Income; Individuals; Total - Total income groups in 2015 for the population aged 15 years and over in private households - 100% data; With total income; $30,000 to $39,999"
"8",3,"v_CA16_2269","Female","$30,000 to $39,999","Number","v_CA16_2254","Additive","CA 2016 Census; 100% data; Income; Individuals; Total - Total income groups in 2015 for the population aged 15 years and over in private households - 100% data; With total income; $30,000 to $39,999"
"9",3,"v_CA16_2271","Male","$40,000 to $49,999","Number","v_CA16_2253","Additive","CA 2016 Census; 100% data; Income; Individuals; Total - Total income groups in 2015 for the population aged 15 years and over in private households - 100% data; With total income; $40,000 to $49,999"
"10",3,"v_CA16_2272","Female","$40,000 to $49,999","Number","v_CA16_2254","Additive","CA 2016 Census; 100% data; Income; Individuals; Total - Total income groups in 2015 for the population aged 15 years and over in private households - 100% data; With total income; $40,000 to $49,999"
"11",3,"v_CA16_2274","Male","$50,000 to $59,999","Number","v_CA16_2253","Additive","CA 2016 Census; 100% data; Income; Individuals; Total - Total income groups in 2015 for the population aged 15 years and over in private households - 100% data; With total income; $50,000 to $59,999"
"12",3,"v_CA16_2275","Female","$50,000 to $59,999","Number","v_CA16_2254","Additive","CA 2016 Census; 100% data; Income; Individuals; Total - Total income groups in 2015 for the population aged 15 years and over in private households - 100% data; With total income; $50,000 to $59,999"
"13",3,"v_CA16_2277","Male","$60,000 to $69,999","Number","v_CA16_2253","Additive","CA 2016 Census; 100% data; Income; Individuals; Total - Total income groups in 2015 for the population aged 15 years and over in private households - 100% data; With total income; $60,000 to $69,999"
"14",3,"v_CA16_2278","Female","$60,000 to $69,999","Number","v_CA16_2254","Additive","CA 2016 Census; 100% data; Income; Individuals; Total - Total income groups in 2015 for the population aged 15 years and over in private households - 100% data; With total income; $60,000 to $69,999"
"15",3,"v_CA16_2280","Male","$70,000 to $79,999","Number","v_CA16_2253","Additive","CA 2016 Census; 100% data; Income; Individuals; Total - Total income groups in 2015 for the population aged 15 years and over in private households - 100% data; With total income; $70,000 to $79,999"
"16",3,"v_CA16_2281","Female","$70,000 to $79,999","Number","v_CA16_2254","Additive","CA 2016 Census; 100% data; Income; Individuals; Total - Total income groups in 2015 for the population aged 15 years and over in private households - 100% data; With total income; $70,000 to $79,999"
"17",3,"v_CA16_2283","Male","$80,000 to $89,999","Number","v_CA16_2253","Additive","CA 2016 Census; 100% data; Income; Individuals; Total - Total income groups in 2015 for the population aged 15 years and over in private households - 100% data; With total income; $80,000 to $89,999"
"18",3,"v_CA16_2284","Female","$80,000 to $89,999","Number","v_CA16_2254","Additive","CA 2016 Census; 100% data; Income; Individuals; Total - Total income groups in 2015 for the population aged 15 years and over in private households - 100% data; With total income; $80,000 to $89,999"
"19",3,"v_CA16_2286","Male","$90,000 to $99,999","Number","v_CA16_2253","Additive","CA 2016 Census; 100% data; Income; Individuals; Total - Total income groups in 2015 for the population aged 15 years and over in private households - 100% data; With total income; $90,000 to $99,999"
"20",3,"v_CA16_2287","Female","$90,000 to $99,999","Number","v_CA16_2254","Additive","CA 2016 Census; 100% data; Income; Individuals; Total - Total income groups in 2015 for the population aged 15 years and over in private households - 100% data; With total income; $90,000 to $99,999"
"21",3,"v_CA16_2289","Male","$100,000 and over","Number","v_CA16_2253","Additive","CA 2016 Census; 100% data; Income; Individuals; Total - Total income groups in 2015 for the population aged 15 years and over in private households - 100% data; With total income; $100,000 and over"
"22",3,"v_CA16_2290","Female","$100,000 and over","Number","v_CA16_2254","Additive","CA 2016 Census; 100% data; Income; Individuals; Total - Total income groups in 2015 for the population aged 15 years and over in private households - 100% data; With total income; $100,000 and over"
"23",3,"v_CA16_2292","Male","$100,000 to $149,999","Number","v_CA16_2289","Additive","CA 2016 Census; 100% data; Income; Individuals; Total - Total income groups in 2015 for the population aged 15 years and over in private households - 100% data; With total income; $100,000 and over; $100,000 to $149,999"
"24",3,"v_CA16_2293","Female","$100,000 to $149,999","Number","v_CA16_2290","Additive","CA 2016 Census; 100% data; Income; Individuals; Total - Total income groups in 2015 for the population aged 15 years and over in private households - 100% data; With total income; $100,000 and over; $100,000 to $149,999"
"25",3,"v_CA16_2295","Male","$150,000 and over","Number","v_CA16_2289","Additive","CA 2016 Census; 100% data; Income; Individuals; Total - Total income groups in 2015 for the population aged 15 years and over in private households - 100% data; With total income; $100,000 and over; $150,000 and over"
"26",3,"v_CA16_2296","Female","$150,000 and over","Number","v_CA16_2290","Additive","CA 2016 Census; 100% data; Income; Individuals; Total - Total income groups in 2015 for the population aged 15 years and over in private households - 100% data; With total income; $100,000 and over; $150,000 and over"
"27",3,"v_CA16_137","Male","35 to 39 years","Number","v_CA16_62","Additive","CA 2016 Census; 100% data; Total - Age; 15 to 64 years; 35 to 39 years"
"28",3,"v_CA16_138","Female","35 to 39 years","Number","v_CA16_63","Additive","CA 2016 Census; 100% data; Total - Age; 15 to 64 years; 35 to 39 years"
"29",3,"v_CA16_155","Male","40 to 44 years","Number","v_CA16_62","Additive","CA 2016 Census; 100% data; Total - Age; 15 to 64 years; 40 to 44 years"
"30",3,"v_CA16_156","Female","40 to 44 years","Number","v_CA16_63","Additive","CA 2016 Census; 100% data; Total - Age; 15 to 64 years; 40 to 44 years"
"31",3,"v_CA16_173","Male","45 to 49 years","Number","v_CA16_62","Additive","CA 2016 Census; 100% data; Total - Age; 15 to 64 years; 45 to 49 years"
"32",3,"v_CA16_174","Female","45 to 49 years","Number","v_CA16_63","Additive","CA 2016 Census; 100% data; Total - Age; 15 to 64 years; 45 to 49 years"
"33",3,"v_CA16_5826","Male","45 to 59 minutes","Number","v_CA16_5814","Additive","CA 2016 Census; 25% Data; Commute; Total - Commuting duration for the employed labour force aged 15 years and over in private households with a usual place of work or no fixed workplace address - 25% sample data; 45 to 59 minutes"
"34",3,"v_CA16_5827","Female","45 to 59 minutes","Number","v_CA16_5815","Additive","CA 2016 Census; 25% Data; Commute; Total - Commuting duration for the employed labour force aged 15 years and over in private households with a usual place of work or no fixed workplace address - 25% sample data; 45 to 59 minutes"
"35",3,"v_CA16_26","Male","5 to 9 years","Number","v_CA16_5","Additive","CA 2016 Census; 100% data; Total - Age; 0 to 14 years; 5 to 9 years"
"36",3,"v_CA16_27","Female","5 to 9 years","Number","v_CA16_6","Additive","CA 2016 Census; 100% data; Total - Age; 0 to 14 years; 5 to 9 years"
"37",3,"v_CA16_191","Male","50 to 54 years","Number","v_CA16_62","Additive","CA 2016 Census; 100% data; Total - Age; 15 to 64 years; 50 to 54 years"
"38",3,"v_CA16_192","Female","50 to 54 years","Number","v_CA16_63","Additive","CA 2016 Census; 100% data; Total - Age; 15 to 64 years; 50 to 54 years"
"39",3,"v_CA16_209","Male","55 to 59 years","Number","v_CA16_62","Additive","CA 2016 Census; 100% data; Total - Age; 15 to 64 years; 55 to 59 years"
"40",3,"v_CA16_210","Female","55 to 59 years","Number","v_CA16_63","Additive","CA 2016 Census; 100% data; Total - Age; 15 to 64 years; 55 to 59 years"
"41",3,"v_CA16_5829","Male","60 minutes and over","Number","v_CA16_5814","Additive","CA 2016 Census; 25% Data; Commute; Total - Commuting duration for the employed labour force aged 15 years and over in private households with a usual place of work or no fixed workplace address - 25% sample data; 60 minutes and over"
"42",3,"v_CA16_5830","Female","60 minutes and over","Number","v_CA16_5815","Additive","CA 2016 Census; 25% Data; Commute; Total - Commuting duration for the employed labour force aged 15 years and over in private households with a usual place of work or no fixed workplace address - 25% sample data; 60 minutes and over"
"43",3,"v_CA16_227","Male","60 to 64 years","Number","v_CA16_62","Additive","CA 2016 Census; 100% data; Total - Age; 15 to 64 years; 60 to 64 years"
"44",3,"v_CA16_228","Female","60 to 64 years","Number","v_CA16_63","Additive","CA 2016 Census; 100% data; Total - Age; 15 to 64 years; 60 to 64 years"
"45",3,"v_CA16_248","Male","65 to 69 years","Number","v_CA16_245","Additive","CA 2016 Census; 100% data; Total - Age; 65 years and over; 65 to 69 years"
"46",3,"v_CA16_249","Female","65 to 69 years","Number","v_CA16_246","Additive","CA 2016 Census; 100% data; Total - Age; 65 years and over; 65 to 69 years"
"47",3,"v_CA16_245","Male","65 years and over","Number","v_CA16_2","Additive","CA 2016 Census; 100% data; Total - Age; 65 years and over"
"48",3,"v_CA16_246","Female","65 years and over","Number","v_CA16_3","Additive","CA 2016 Census; 100% data; Total - Age; 65 years and over"
"49",3,"v_CA16_2554","Female","65 years and over (%)","Percentage (0-100)","v_CA16_2542","Average of v_CA16_2524","CA 2016 Census; 100% data; Income; Low Income Measures; Prevalence of low income based on the Low-income measure, after tax (LIM-AT) (%); 65 years and over (%)"
"50",3,"v_CA16_266","Male","70 to 74 years","Number","v_CA16_245","Additive","CA 2016 Census; 100% data; Total - Age; 65 years and over; 70 to 74 years"
"51",3,"v_CA16_267","Female","70 to 74 years","Number","v_CA16_246","Additive","CA 2016 Census; 100% data; Total - Age; 65 years and over; 70 to 74 years"
"52",3,"v_CA16_284","Male","75 to 79 years","Number","v_CA16_245","Additive","CA 2016 Census; 100% data; Total - Age; 65 years and over; 75 to 79 years"
"53",3,"v_CA16_285","Female","75 to 79 years","Number","v_CA16_246","Additive","CA 2016 Census; 100% data; Total - Age; 65 years and over; 75 to 79 years"
"54",3,"v_CA16_302","Male","80 to 84 years","Number","v_CA16_245","Additive","CA 2016 Census; 100% data; Total - Age; 65 years and over; 80 to 84 years"
"55",3,"v_CA16_303","Female","80 to 84 years","Number","v_CA16_246","Additive","CA 2016 Census; 100% data; Total - Age; 65 years and over; 80 to 84 years"
"56",3,"v_CA16_323","Male","85 to 89 years","Number","v_CA16_320","Additive","CA 2016 Census; 100% data; Total - Age; 65 years and over; 85 years and over; 85 to 89 years"
"57",3,"v_CA16_324","Female","85 to 89 years","Number","v_CA16_321","Additive","CA 2016 Census; 100% data; Total - Age; 65 years and over; 85 years and over; 85 to 89 years"
"58",3,"v_CA16_320","Male","85 years and over","Number","v_CA16_245","Additive","CA 2016 Census; 100% data; Total - Age; 65 years and over; 85 years and over"
"59",3,"v_CA16_321","Female","85 years and over","Number","v_CA16_246","Additive","CA 2016 Census; 100% data; Total - Age; 65 years and over; 85 years and over"
"60",3,"v_CA16_341","Male","90 to 94 years","Number","v_CA16_320","Additive","CA 2016 Census; 100% data; Total - Age; 65 years and over; 85 years and over; 90 to 94 years"
"61",3,"v_CA16_342","Female","90 to 94 years","Number","v_CA16_321","Additive","CA 2016 Census; 100% data; Total - Age; 65 years and over; 85 years and over; 90 to 94 years"
"62",3,"v_CA16_359","Male","95 to 99 years","Number","v_CA16_320","Additive","CA 2016 Census; 100% data; Total - Age; 65 years and over; 85 years and over; 95 to 99 years"
"63",3,"v_CA16_360","Female","95 to 99 years","Number","v_CA16_321","Additive","CA 2016 Census; 100% data; Total - Age; 65 years and over; 85 years and over; 95 to 99 years"
"64",3,"v_CA16_5064","Male","Apprenticeship or trades certificate or diploma","Number","v_CA16_5061","Additive","CA 2016 Census; 25% Data; Education; Certificate/Degree; Total - Highest certificate, diploma or degree for the population aged 15 years and over in private households - 25% sample data; Postsecondary certificate, diploma or degree; Apprenticeship or trades certificate or diploma"
"65",3,"v_CA16_5065","Female","Apprenticeship or trades certificate or diploma","Number","v_CA16_5062","Additive","CA 2016 Census; 25% Data; Education; Certificate/Degree; Total - Highest certificate, diploma or degree for the population aged 15 years and over in private households - 25% sample data; Postsecondary certificate, diploma or degree; Apprenticeship or trades certificate or diploma"
"66",3,"v_CA16_5109","Male","Apprenticeship or trades certificate or diploma","Number","v_CA16_5106","Additive","CA 2016 Census; 25% Data; Education; Certificate/Degree; Total - Highest certificate, diploma or degree for the population aged 25 to 64 years in private households - 25% sample data; Postsecondary certificate, diploma or degree; Apprenticeship or trades certificate or diploma"
"67",3,"v_CA16_5110","Female","Apprenticeship or trades certificate or diploma","Number","v_CA16_5107","Additive","CA 2016 Census; 25% Data; Education; Certificate/Degree; Total - Highest certificate, diploma or degree for the population aged 25 to 64 years in private households - 25% sample data; Postsecondary certificate, diploma or degree; Apprenticeship or trades certificate or diploma"
"68",3,"v_CA16_5082","Male","Bachelor's degree","Number","v_CA16_5079","Additive","CA 2016 Census; 25% Data; Education; Certificate/Degree; Total - Highest certificate, diploma or degree for the population aged 15 years and over in private households - 25% sample data; Postsecondary certificate, diploma or degree; University certificate, diploma or degree at bachelor level or above; Bachelor's degree"
"69",3,"v_CA16_5083","Female","Bachelor's degree","Number","v_CA16_5080","Additive","CA 2016 Census; 25% Data; Education; Certificate/Degree; Total - Highest certificate, diploma or degree for the population aged 15 years and over in private households - 25% sample data; Postsecondary certificate, diploma or degree; University certificate, diploma or degree at bachelor level or above; Bachelor's degree"
"70",3,"v_CA16_5127","Male","Bachelor's degree","Number","v_CA16_5124","Additive","CA 2016 Census; 25% Data; Education; Certificate/Degree; Total - Highest certificate, diploma or degree for the population aged 25 to 64 years in private households - 25% sample data; Postsecondary certificate, diploma or degree; University certificate, diploma or degree at bachelor level or above; Bachelor's degree"
"71",3,"v_CA16_5128","Female","Bachelor's degree","Number","v_CA16_5125","Additive","CA 2016 Census; 25% Data; Education; Certificate/Degree; Total - Highest certificate, diploma or degree for the population aged 25 to 64 years in private households - 25% sample data; Postsecondary certificate, diploma or degree; University certificate, diploma or degree at bachelor level or above; Bachelor's degree"
"72",3,"v_CA16_5808","Male","Bicycle","Number","v_CA16_5793","Additive","CA 2016 Census; 25% Data; Commute; Total - Main mode of commuting for the employed labour force aged 15 years and over in private households with a usual place of work or no fixed workplace address - 25% sample data; Bicycle"
"73",3,"v_CA16_5809","Female","Bicycle","Number","v_CA16_5794","Additive","CA 2016 Census; 25% Data; Commute; Total - Main mode of commuting for the employed labour force aged 15 years and over in private households with a usual place of work or no fixed workplace address - 25% sample data; Bicycle"
"74",3,"v_CA16_4603","Male","Black, n.o.s.","Number","v_CA16_4600","Additive","CA 2016 Census; 25% Data; Minority / Origin; Total - Ethnic origin for the population in private households - 25% sample data; African origins; Other African origins; Black, n.o.s."
"75",3,"v_CA16_4604","Female","Black, n.o.s.","Number","v_CA16_4601","Additive","CA 2016 Census; 25% Data; Minority / Origin; Total - Ethnic origin for the population in private households - 25% sample data; African origins; Other African origins; Black, n.o.s."
"76",2,"v_CA16_3394","Male","Canadian citizens","Number","v_CA16_3391","Additive","CA 2016 Census; 25% Data; Citizenship and Immigration; Total - Citizenship for the population in private households - 25% sample data; Canadian citizens"
"77",2,"v_CA16_3395","Female","Canadian citizens","Number","v_CA16_3392","Additive","CA 2016 Census; 25% Data; Citizenship and Immigration; Total - Citizenship for the population in private households - 25% sample data; Canadian citizens"
"78",3,"v_CA16_5796","Male","Car, truck, van - as a driver","Number","v_CA16_5793","Additive","CA 2016 Census; 25% Data; Commute; Total - Main mode of commuting for the employed labour force aged 15 years and over in private households with a usual place of work or no fixed workplace address - 25% sample data; Car, truck, van - as a driver"
"79",3,"v_CA16_5797","Female","Car, truck, van - as a driver","Number","v_CA16_5794","Additive","CA 2016 Census; 25% Data; Commute; Total - Main mode of commuting for the employed labour force aged 15 years and over in private households with a usual place of work or no fixed workplace address - 25% sample data; Car, truck, van - as a driver"
"80",3,"v_CA16_5799","Male","Car, truck, van - as a passenger","Number","v_CA16_5793","Additive","CA 2016 Census; 25% Data; Commute; Total - Main mode of commuting for the employed labour force aged 15 years and over in private households with a usual place of work or no fixed workplace address - 25% sample data; Car, truck, van - as a passenger"
"81",3,"v_CA16_5800","Female","Car, truck, van - as a passenger","Number","v_CA16_5794","Additive","CA 2016 Census; 25% Data; Commute; Total - Main mode of commuting for the employed labour force aged 15 years and over in private households with a usual place of work or no fixed workplace address - 25% sample data; Car, truck, van - as a passenger"
"82",3,"v_CA16_5070","Male","Certificate of Apprenticeship or Certificate of Qualification","Number","v_CA16_5064","Additive","CA 2016 Census; 25% Data; Education; Certificate/Degree; Total - Highest certificate, diploma or degree for the population aged 15 years and over in private households - 25% sample data; Postsecondary certificate, diploma or degree; Apprenticeship or trades certificate or diploma; Certificate of Apprenticeship or Certificate of Qualification"
"83",3,"v_CA16_5071","Female","Certificate of Apprenticeship or Certificate of Qualification","Number","v_CA16_5065","Additive","CA 2016 Census; 25% Data; Education; Certificate/Degree; Total - Highest certificate, diploma or degree for the population aged 15 years and over in private households - 25% sample data; Postsecondary certificate, diploma or degree; Apprenticeship or trades certificate or diploma; Certificate of Apprenticeship or Certificate of Qualification"
"84",3,"v_CA16_5115","Male","Certificate of Apprenticeship or Certificate of Qualification","Number","v_CA16_5109","Additive","CA 2016 Census; 25% Data; Education; Certificate/Degree; Total - Highest certificate, diploma or degree for the population aged 25 to 64 years in private households - 25% sample data; Postsecondary certificate, diploma or degree; Apprenticeship or trades certificate or diploma; Certificate of Apprenticeship or Certificate of Qualification"
"85",3,"v_CA16_5116","Female","Certificate of Apprenticeship or Certificate of Qualification","Number","v_CA16_5110","Additive","CA 2016 Census; 25% Data; Education; Certificate/Degree; Total - Highest certificate, diploma or degree for the population aged 25 to 64 years in private households - 25% sample data; Postsecondary certificate, diploma or degree; Apprenticeship or trades certificate or diploma; Certificate of Apprenticeship or Certificate of Qualification"
"86",3,"v_CA16_5073","Male","College, CEGEP or other non-university certificate or diploma","Number","v_CA16_5061","Additive","CA 2016 Census; 25% Data; Education; Certificate/Degree; Total - Highest certificate, diploma or degree for the population aged 15 years and over in private households - 25% sample data; Postsecondary certificate, diploma or degree; College, CEGEP or other non-university certificate or diploma"
"87",3,"v_CA16_5074","Female","College, CEGEP or other non-university certificate or diploma","Number","v_CA16_5062","Additive","CA 2016 Census; 25% Data; Education; Certificate/Degree; Total - Highest certificate, diploma or degree for the population aged 15 years and over in private households - 25% sample data; Postsecondary certificate, diploma or degree; College, CEGEP or other non-university certificate or diploma"
"88",3,"v_CA16_5118","Male","College, CEGEP or other non-university certificate or diploma","Number","v_CA16_5106","Additive","CA 2016 Census; 25% Data; Education; Certificate/Degree; Total - Highest certificate, diploma or degree for the population aged 25 to 64 years in private households - 25% sample data; Postsecondary certificate, diploma or degree; College, CEGEP or other non-university certificate or diploma"
"89",3,"v_CA16_5119","Female","College, CEGEP or other non-university certificate or diploma","Number","v_CA16_5107","Additive","CA 2016 Census; 25% Data; Education; Certificate/Degree; Total - Highest certificate, diploma or degree for the population aged 25 to 64 years in private households - 25% sample data; Postsecondary certificate, diploma or degree; College, CEGEP or other non-university certificate or diploma"
"90",3,"v_CA16_5787","Male","Commute to a different census subdivision (CSD) and census division (CD) within province or territory of residence","Number","v_CA16_5778","Additive","CA 2016 Census; 25% Data; Commute; Total - Commuting destination for the employed labour force aged 15 years and over in private households with a usual place of work - 25% sample data; Commute to a different census subdivision (CSD) and census division (CD) within province or territory of residence"
"91",3,"v_CA16_5788","Female","Commute to a different census subdivision (CSD) and census division (CD) within province or territory of residence","Number","v_CA16_5779","Additive","CA 2016 Census; 25% Data; Commute; Total - Commuting destination for the employed labour force aged 15 years and over in private households with a usual place of work - 25% sample data; Commute to a different census subdivision (CSD) and census division (CD) within province or territory of residence"
"92",3,"v_CA16_5784","Male","Commute to a different census subdivision (CSD) within census division (CD) of residence","Number","v_CA16_5778","Additive","CA 2016 Census; 25% Data; Commute; Total - Commuting destination for the employed labour force aged 15 years and over in private households with a usual place of work - 25% sample data; Commute to a different census subdivision (CSD) within census division (CD) of residence"
"93",3,"v_CA16_5785","Female","Commute to a different census subdivision (CSD) within census division (CD) of residence","Number","v_CA16_5779","Additive","CA 2016 Census; 25% Data; Commute; Total - Commuting destination for the employed labour force aged 15 years and over in private households with a usual place of work - 25% sample data; Commute to a different census subdivision (CSD) within census division (CD) of residence"
"94",3,"v_CA16_5790","Male","Commute to a different province or territory","Number","v_CA16_5778","Additive","CA 2016 Census; 25% Data; Commute; Total - Commuting destination for the employed labour force aged 15 years and over in private households with a usual place of work - 25% sample data; Commute to a different province or territory"
"95",3,"v_CA16_5791","Female","Commute to a different province or territory","Number","v_CA16_5779","Additive","CA 2016 Census; 25% Data; Commute; Total - Commuting destination for the employed labour force aged 15 years and over in private households with a usual place of work - 25% sample data; Commute to a different province or territory"
"96",3,"v_CA16_5781","Male","Commute within census subdivision (CSD) of residence","Number","v_CA16_5778","Additive","CA 2016 Census; 25% Data; Commute; Total - Commuting destination for the employed labour force aged 15 years and over in private households with a usual place of work - 25% sample data; Commute within census subdivision (CSD) of residence"
"97",3,"v_CA16_5782","Female","Commute within census subdivision (CSD) of residence","Number","v_CA16_5779","Additive","CA 2016 Census; 25% Data; Commute; Total - Commuting destination for the employed labour force aged 15 years and over in private households with a usual place of work - 25% sample data; Commute within census subdivision (CSD) of residence"
"98",2,"v_CA16_5088","Male","Degree in medicine, dentistry, veterinary medicine or optometry","Number","v_CA16_5079","Additive","CA 2016 Census; 25% Data; Education; Certificate/Degree; Total - Highest certificate, diploma or degree for the population aged 15 years and over in private households - 25% sample data; Postsecondary certificate, diploma or degree; University certificate, diploma or degree at bachelor level or above; Degree in medicine, dentistry, veterinary medicine or optometry"
"99",2,"v_CA16_5089","Female","Degree in medicine, dentistry, veterinary medicine or optometry","Number","v_CA16_5080","Additive","CA 2016 Census; 25% Data; Education; Certificate/Degree; Total - Highest certificate, diploma or degree for the population aged 15 years and over in private households - 25% sample data; Postsecondary certificate, diploma or degree; University certificate, diploma or degree at bachelor level or above; Degree in medicine, dentistry, veterinary medicine or optometry"
"100",2,"v_CA16_5133","Male","Degree in medicine, dentistry, veterinary medicine or optometry","Number","v_CA16_5124","Additive","CA 2016 Census; 25% Data; Education; Certificate/Degree; Total - Highest certificate, diploma or degree for the population aged 25 to 64 years in private households - 25% sample data; Postsecondary certificate, diploma or degree; University certificate, diploma or degree at bachelor level or above; Degree in medicine, dentistry, veterinary medicine or optometry"
"101",2,"v_CA16_5134","Female","Degree in medicine, dentistry, veterinary medicine or optometry","Number","v_CA16_5125","Additive","CA 2016 Census; 25% Data; Education; Certificate/Degree; Total - Highest certificate, diploma or degree for the population aged 25 to 64 years in private households - 25% sample data; Postsecondary certificate, diploma or degree; University certificate, diploma or degree at bachelor level or above; Degree in medicine, dentistry, veterinary medicine or optometry"
"102",2,"v_CA16_473","Male","Divorced","Number","v_CA16_464","Additive","CA 2016 Census; 100% data; Census Families; Total - Marital status for the population aged 15 years and over - 100% data; Not married and not living common law; Divorced"
"103",2,"v_CA16_474","Female","Divorced","Number","v_CA16_465","Additive","CA 2016 Census; 100% data; Census Families; Total - Marital status for the population aged 15 years and over - 100% data; Not married and not living common law; Divorced"
"104",3,"v_CA16_5094","Male","Earned doctorate","Number","v_CA16_5079","Additive","CA 2016 Census; 25% Data; Education; Certificate/Degree; Total - Highest certificate, diploma or degree for the population aged 15 years and over in private households - 25% sample data; Postsecondary certificate, diploma or degree; University certificate, diploma or degree at bachelor level or above; Earned doctorate"
"105",3,"v_CA16_5095","Female","Earned doctorate","Number","v_CA16_5080","Additive","CA 2016 Census; 25% Data; Education; Certificate/Degree; Total - Highest certificate, diploma or degree for the population aged 15 years and over in private households - 25% sample data; Postsecondary certificate, diploma or degree; University certificate, diploma or degree at bachelor level or above; Earned doctorate"
"106",3,"v_CA16_5139","Male","Earned doctorate","Number","v_CA16_5124","Additive","CA 2016 Census; 25% Data; Education; Certificate/Degree; Total - Highest certificate, diploma or degree for the population aged 25 to 64 years in private households - 25% sample data; Postsecondary certificate, diploma or degree; University certificate, diploma or degree at bachelor level or above; Earned doctorate"
"107",3,"v_CA16_5140","Female","Earned doctorate","Number","v_CA16_5125","Additive","CA 2016 Census; 25% Data; Education; Certificate/Degree; Total - Highest certificate, diploma or degree for the population aged 25 to 64 years in private households - 25% sample data; Postsecondary certificate, diploma or degree; University certificate, diploma or degree at bachelor level or above; Earned doctorate"
"108",3,"v_CA16_5616","Male","Employment rate","Percentage (0-100)",NA,"Average of v_CA16_5604","CA 2016 Census; 25% Data; Work; Labour Force Status; Employment rate"
"109",3,"v_CA16_5617","Female","Employment rate","Percentage (0-100)",NA,"Average of v_CA16_5605","CA 2016 Census; 25% Data; Work; Labour Force Status; Employment rate"
"110",3,"v_CA16_522","Male","English and French","Number","v_CA16_513","Additive","CA 2016 Census; 100% data; Language; Official Language; Total - Knowledge of official languages for the total population excluding institutional residents - 100% data; English and French"
"111",3,"v_CA16_523","Female","English and French","Number","v_CA16_514","Additive","CA 2016 Census; 100% data; Language; Official Language; Total - Knowledge of official languages for the total population excluding institutional residents - 100% data; English and French"
"112",3,"v_CA16_516","Male","English only","Number","v_CA16_513","Additive","CA 2016 Census; 100% data; Language; Official Language; Total - Knowledge of official languages for the total population excluding institutional residents - 100% data; English only"
"113",3,"v_CA16_517","Female","English only","Number","v_CA16_514","Additive","CA 2016 Census; 100% data; Language; Official Language; Total - Knowledge of official languages for the total population excluding institutional residents - 100% data; English only"
"114",3,"v_CA16_519","Male","French only","Number","v_CA16_513","Additive","CA 2016 Census; 100% data; Language; Official Language; Total - Knowledge of official languages for the total population excluding institutional residents - 100% data; French only"
"115",3,"v_CA16_520","Female","French only","Number","v_CA16_514","Additive","CA 2016 Census; 100% data; Language; Official Language; Total - Knowledge of official languages for the total population excluding institutional residents - 100% data; French only"
"116",2,"v_CA16_5292","Male","Health and related fields","Number","v_CA16_5142","Additive","CA 2016 Census; 25% Data; Education; Total - Major field of study - Classification of Instructional Programs (CIP) 2016 for the population aged 15 years and over in private households - 25% sample data; Health and related fields"
"117",2,"v_CA16_5293","Female","Health and related fields","Number","v_CA16_5143","Additive","CA 2016 Census; 25% Data; Education; Total - Major field of study - Classification of Instructional Programs (CIP) 2016 for the population aged 15 years and over in private households - 25% sample data; Health and related fields"
"118",2,"v_CA16_4369","Male","Hispanic","Number","v_CA16_4330","Additive","CA 2016 Census; 25% Data; Minority / Origin; Total - Ethnic origin for the population in private households - 25% sample data; Latin, Central and South American origins; Hispanic"
"119",2,"v_CA16_4370","Female","Hispanic","Number","v_CA16_4331","Additive","CA 2016 Census; 25% Data; Minority / Origin; Total - Ethnic origin for the population in private households - 25% sample data; Latin, Central and South American origins; Hispanic"
"120",2,"v_CA16_3412","Male","Immigrants","Number","v_CA16_3406","Additive","CA 2016 Census; 25% Data; Citizenship and Immigration; Total - Immigrant status and period of immigration for the population in private households - 25% sample data; Immigrants"
"121",2,"v_CA16_3413","Female","Immigrants","Number","v_CA16_3407","Additive","CA 2016 Census; 25% Data; Citizenship and Immigration; Total - Immigrant status and period of immigration for the population in private households - 25% sample data; Immigrants"
"122",3,"v_CA16_5817","Male","Less than 15 minutes","Number","v_CA16_5814","Additive","CA 2016 Census; 25% Data; Commute; Total - Commuting duration for the employed labour force aged 15 years and over in private households with a usual place of work or no fixed workplace address - 25% sample data; Less than 15 minutes"
"123",3,"v_CA16_5818","Female","Less than 15 minutes","Number","v_CA16_5815","Additive","CA 2016 Census; 25% Data; Commute; Total - Commuting duration for the employed labour force aged 15 years and over in private households with a usual place of work or no fixed workplace address - 25% sample data; Less than 15 minutes"
"124",2,"v_CA16_461","Male","Living common law","Number","v_CA16_455","Additive","CA 2016 Census; 100% data; Census Families; Total - Marital status for the population aged 15 years and over - 100% data; Married or living common law; Living common law"
"125",2,"v_CA16_462","Female","Living common law","Number","v_CA16_456","Additive","CA 2016 Census; 100% data; Census Families; Total - Marital status for the population aged 15 years and over - 100% data; Married or living common law; Living common law"
"126",2,"v_CA16_458","Male","Married","Number","v_CA16_455","Additive","CA 2016 Census; 100% data; Census Families; Total - Marital status for the population aged 15 years and over - 100% data; Married or living common law; Married"
"127",2,"v_CA16_459","Female","Married","Number","v_CA16_456","Additive","CA 2016 Census; 100% data; Census Families; Total - Marital status for the population aged 15 years and over - 100% data; Married or living common law; Married"
"128",3,"v_CA16_5091","Male","Master's degree","Number","v_CA16_5079","Additive","CA 2016 Census; 25% Data; Education; Certificate/Degree; Total - Highest certificate, diploma or degree for the population aged 15 years and over in private households - 25% sample data; Postsecondary certificate, diploma or degree; University certificate, diploma or degree at bachelor level or above; Master's degree"
"129",3,"v_CA16_5092","Female","Master's degree","Number","v_CA16_5080","Additive","CA 2016 Census; 25% Data; Education; Certificate/Degree; Total - Highest certificate, diploma or degree for the population aged 15 years and over in private households - 25% sample data; Postsecondary certificate, diploma or degree; University certificate, diploma or degree at bachelor level or above; Master's degree"
"130",3,"v_CA16_5136","Male","Master's degree","Number","v_CA16_5124","Additive","CA 2016 Census; 25% Data; Education; Certificate/Degree; Total - Highest certificate, diploma or degree for the population aged 25 to 64 years in private households - 25% sample data; Postsecondary certificate, diploma or degree; University certificate, diploma or degree at bachelor level or above; Master's degree"
"131",3,"v_CA16_5137","Female","Master's degree","Number","v_CA16_5125","Additive","CA 2016 Census; 25% Data; Education; Certificate/Degree; Total - Highest certificate, diploma or degree for the population aged 25 to 64 years in private households - 25% sample data; Postsecondary certificate, diploma or degree; University certificate, diploma or degree at bachelor level or above; Master's degree"
"132",3,"v_CA16_525","Male","Neither English nor French","Number","v_CA16_513","Additive","CA 2016 Census; 100% data; Language; Official Language; Total - Knowledge of official languages for the total population excluding institutional residents - 100% data; Neither English nor French"
"133",3,"v_CA16_526","Female","Neither English nor French","Number","v_CA16_514","Additive","CA 2016 Census; 100% data; Language; Official Language; Total - Knowledge of official languages for the total population excluding institutional residents - 100% data; Neither English nor French"
"134",2,"v_CA16_467","Male","Never married","Number","v_CA16_464","Additive","CA 2016 Census; 100% data; Census Families; Total - Marital status for the population aged 15 years and over - 100% data; Not married and not living common law; Never married"
"135",2,"v_CA16_468","Female","Never married","Number","v_CA16_465","Additive","CA 2016 Census; 100% data; Census Families; Total - Marital status for the population aged 15 years and over - 100% data; Not married and not living common law; Never married"
"136",3,"v_CA16_5055","Male","No certificate, diploma or degree","Number","v_CA16_5052","Additive","CA 2016 Census; 25% Data; Education; Certificate/Degree; Total - Highest certificate, diploma or degree for the population aged 15 years and over in private households - 25% sample data; No certificate, diploma or degree"
"137",3,"v_CA16_5056","Female","No certificate, diploma or degree","Number","v_CA16_5053","Additive","CA 2016 Census; 25% Data; Education; Certificate/Degree; Total - Highest certificate, diploma or degree for the population aged 15 years and over in private households - 25% sample data; No certificate, diploma or degree"
"138",3,"v_CA16_5100","Male","No certificate, diploma or degree","Number","v_CA16_5097","Additive","CA 2016 Census; 25% Data; Education; Certificate/Degree; Total - Highest certificate, diploma or degree for the population aged 25 to 64 years in private households - 25% sample data; No certificate, diploma or degree"
"139",3,"v_CA16_5101","Female","No certificate, diploma or degree","Number","v_CA16_5098","Additive","CA 2016 Census; 25% Data; Education; Certificate/Degree; Total - Highest certificate, diploma or degree for the population aged 25 to 64 years in private households - 25% sample data; No certificate, diploma or degree"
"140",3,"v_CA16_5145","Male","No postsecondary certificate, diploma or degree","Number","v_CA16_5142","Additive","CA 2016 Census; 25% Data; Education; Total - Major field of study - Classification of Instructional Programs (CIP) 2016 for the population aged 15 years and over in private households - 25% sample data; No postsecondary certificate, diploma or degree"
"141",3,"v_CA16_5146","Female","No postsecondary certificate, diploma or degree","Number","v_CA16_5143","Additive","CA 2016 Census; 25% Data; Education; Total - Major field of study - Classification of Instructional Programs (CIP) 2016 for the population aged 15 years and over in private households - 25% sample data; No postsecondary certificate, diploma or degree"
"142",2,"v_CA16_3403","Male","Not Canadian citizens","Number","v_CA16_3391","Additive","CA 2016 Census; 25% Data; Citizenship and Immigration; Total - Citizenship for the population in private households - 25% sample data; Not Canadian citizens"
"143",2,"v_CA16_3404","Female","Not Canadian citizens","Number","v_CA16_3392","Additive","CA 2016 Census; 25% Data; Citizenship and Immigration; Total - Citizenship for the population in private households - 25% sample data; Not Canadian citizens"
"144",2,"v_CA16_464","Male","Not married and not living common law","Number","v_CA16_452","Additive","CA 2016 Census; 100% data; Census Families; Total - Marital status for the population aged 15 years and over - 100% data; Not married and not living common law"
"145",2,"v_CA16_465","Female","Not married and not living common law","Number","v_CA16_453","Additive","CA 2016 Census; 100% data; Census Families; Total - Marital status for the population aged 15 years and over - 100% data; Not married and not living common law"
"146",3,"v_CA16_547","Female","Official language minority (percentage)","Percentage (0-100)",NA,"Average of v_CA16_532","CA 2016 Census; 100% data; Language; Official Language; Official language minority; Official language minority (percentage)"
"147",3,"v_CA16_5061","Male","Postsecondary certificate, diploma or degree","Number","v_CA16_5052","Additive","CA 2016 Census; 25% Data; Education; Certificate/Degree; Total - Highest certificate, diploma or degree for the population aged 15 years and over in private households - 25% sample data; Postsecondary certificate, diploma or degree"
"148",3,"v_CA16_5062","Female","Postsecondary certificate, diploma or degree","Number","v_CA16_5053","Additive","CA 2016 Census; 25% Data; Education; Certificate/Degree; Total - Highest certificate, diploma or degree for the population aged 15 years and over in private households - 25% sample data; Postsecondary certificate, diploma or degree"
"149",3,"v_CA16_5106","Male","Postsecondary certificate, diploma or degree","Number","v_CA16_5097","Additive","CA 2016 Census; 25% Data; Education; Certificate/Degree; Total - Highest certificate, diploma or degree for the population aged 25 to 64 years in private households - 25% sample data; Postsecondary certificate, diploma or degree"
"150",3,"v_CA16_5107","Female","Postsecondary certificate, diploma or degree","Number","v_CA16_5098","Additive","CA 2016 Census; 25% Data; Education; Certificate/Degree; Total - Highest certificate, diploma or degree for the population aged 25 to 64 years in private households - 25% sample data; Postsecondary certificate, diploma or degree"
"151",3,"v_CA16_5802","Male","Public transit","Number","v_CA16_5793","Additive","CA 2016 Census; 25% Data; Commute; Total - Main mode of commuting for the employed labour force aged 15 years and over in private households with a usual place of work or no fixed workplace address - 25% sample data; Public transit"
"152",3,"v_CA16_5803","Female","Public transit","Number","v_CA16_5794","Additive","CA 2016 Census; 25% Data; Commute; Total - Main mode of commuting for the employed labour force aged 15 years and over in private households with a usual place of work or no fixed workplace address - 25% sample data; Public transit"
"153",3,"v_CA16_5058","Male","Secondary (high) school diploma or equivalency certificate","Number","v_CA16_5052","Additive","CA 2016 Census; 25% Data; Education; Certificate/Degree; Total - Highest certificate, diploma or degree for the population aged 15 years and over in private households - 25% sample data; Secondary (high) school diploma or equivalency certificate"
"154",3,"v_CA16_5059","Female","Secondary (high) school diploma or equivalency certificate","Number","v_CA16_5053","Additive","CA 2016 Census; 25% Data; Education; Certificate/Degree; Total - Highest certificate, diploma or degree for the population aged 15 years and over in private households - 25% sample data; Secondary (high) school diploma or equivalency certificate"
"155",3,"v_CA16_5103","Male","Secondary (high) school diploma or equivalency certificate","Number","v_CA16_5097","Additive","CA 2016 Census; 25% Data; Education; Certificate/Degree; Total - Highest certificate, diploma or degree for the population aged 25 to 64 years in private households - 25% sample data; Secondary (high) school diploma or equivalency certificate"
"156",3,"v_CA16_5104","Female","Secondary (high) school diploma or equivalency certificate","Number","v_CA16_5098","Additive","CA 2016 Census; 25% Data; Education; Certificate/Degree; Total - Highest certificate, diploma or degree for the population aged 25 to 64 years in private households - 25% sample data; Secondary (high) school diploma or equivalency certificate"
"157",2,"v_CA16_470","Male","Separated","Number","v_CA16_464","Additive","CA 2016 Census; 100% data; Census Families; Total - Marital status for the population aged 15 years and over - 100% data; Not married and not living common law; Separated"
"158",2,"v_CA16_471","Female","Separated","Number","v_CA16_465","Additive","CA 2016 Census; 100% data; Census Families; Total - Marital status for the population aged 15 years and over - 100% data; Not married and not living common law; Separated"
"159",2,"v_CA16_3961","Male","South Asian","Number","v_CA16_3958","Additive","CA 2016 Census; 25% Data; Minority / Origin; Total - Visible minority for the population in private households - 25% sample data; Total visible minority population; South Asian"
"160",2,"v_CA16_3962","Female","South Asian","Number","v_CA16_3959","Additive","CA 2016 Census; 25% Data; Minority / Origin; Total - Visible minority for the population in private households - 25% sample data; Total visible minority population; South Asian"
"161",3,"v_CA16_3","Female","Total - Age","Number",NA,"Additive","CA 2016 Census; 100% data; Total - Age"
"162",3,"v_CA16_5052","Male","Total - Highest certificate, diploma or degree for the population aged 15 years and over in private households - 25% sample data","Number",NA,"Additive","CA 2016 Census; 25% Data; Education; Certificate/Degree; Total - Highest certificate, diploma or degree for the population aged 15 years and over in private households - 25% sample data"
"163",3,"v_CA16_5053","Female","Total - Highest certificate, diploma or degree for the population aged 15 years and over in private households - 25% sample data","Number",NA,"Additive","CA 2016 Census; 25% Data; Education; Certificate/Degree; Total - Highest certificate, diploma or degree for the population aged 15 years and over in private households - 25% sample data"
"164",3,"v_CA16_5097","Male","Total - Highest certificate, diploma or degree for the population aged 25 to 64 years in private households - 25% sample data","Number",NA,"Additive","CA 2016 Census; 25% Data; Education; Certificate/Degree; Total - Highest certificate, diploma or degree for the population aged 25 to 64 years in private households - 25% sample data"
"165",3,"v_CA16_5098","Female","Total - Highest certificate, diploma or degree for the population aged 25 to 64 years in private households - 25% sample data","Number",NA,"Additive","CA 2016 Census; 25% Data; Education; Certificate/Degree; Total - Highest certificate, diploma or degree for the population aged 25 to 64 years in private households - 25% sample data"
"166",3,"v_CA16_5793","Male","Total - Main mode of commuting for the employed labour force aged 15 years and over in private households with a usual place of work or no fixed workplace address - 25% sample data","Number",NA,"Additive","CA 2016 Census; 25% Data; Commute; Total - Main mode of commuting for the employed labour force aged 15 years and over in private households with a usual place of work or no fixed workplace address - 25% sample data"
"167",3,"v_CA16_5794","Female","Total - Main mode of commuting for the employed labour force aged 15 years and over in private households with a usual place of work or no fixed workplace address - 25% sample data","Number",NA,"Additive","CA 2016 Census; 25% Data; Commute; Total - Main mode of commuting for the employed labour force aged 15 years and over in private households with a usual place of work or no fixed workplace address - 25% sample data"
"168",3,"v_CA16_5142","Male","Total - Major field of study - Classification of Instructional Programs (CIP) 2016 for the population aged 15 years and over in private households - 25% sample data","Number",NA,"Additive","CA 2016 Census; 25% Data; Education; Total - Major field of study - Classification of Instructional Programs (CIP) 2016 for the population aged 15 years and over in private households - 25% sample data"
"169",3,"v_CA16_5143","Female","Total - Major field of study - Classification of Instructional Programs (CIP) 2016 for the population aged 15 years and over in private households - 25% sample data","Number",NA,"Additive","CA 2016 Census; 25% Data; Education; Total - Major field of study - Classification of Instructional Programs (CIP) 2016 for the population aged 15 years and over in private households - 25% sample data"
"170",3,"v_CA16_5067","Male","Trades certificate or diploma other than Certificate of Apprenticeship or Certificate of Qualification","Number","v_CA16_5064","Additive","CA 2016 Census; 25% Data; Education; Certificate/Degree; Total - Highest certificate, diploma or degree for the population aged 15 years and over in private households - 25% sample data; Postsecondary certificate, diploma or degree; Apprenticeship or trades certificate or diploma; Trades certificate or diploma other than Certificate of Apprenticeship or Certificate of Qualification"
"171",3,"v_CA16_5068","Female","Trades certificate or diploma other than Certificate of Apprenticeship or Certificate of Qualification","Number","v_CA16_5065","Additive","CA 2016 Census; 25% Data; Education; Certificate/Degree; Total - Highest certificate, diploma or degree for the population aged 15 years and over in private households - 25% sample data; Postsecondary certificate, diploma or degree; Apprenticeship or trades certificate or diploma; Trades certificate or diploma other than Certificate of Apprenticeship or Certificate of Qualification"
"172",3,"v_CA16_5112","Male","Trades certificate or diploma other than Certificate of Apprenticeship or Certificate of Qualification","Number","v_CA16_5109","Additive","CA 2016 Census; 25% Data; Education; Certificate/Degree; Total - Highest certificate, diploma or degree for the population aged 25 to 64 years in private households - 25% sample data; Postsecondary certificate, diploma or degree; Apprenticeship or trades certificate or diploma; Trades certificate or diploma other than Certificate of Apprenticeship or Certificate of Qualification"
"173",3,"v_CA16_5113","Female","Trades certificate or diploma other than Certificate of Apprenticeship or Certificate of Qualification","Number","v_CA16_5110","Additive","CA 2016 Census; 25% Data; Education; Certificate/Degree; Total - Highest certificate, diploma or degree for the population aged 25 to 64 years in private households - 25% sample data; Postsecondary certificate, diploma or degree; Apprenticeship or trades certificate or diploma; Trades certificate or diploma other than Certificate of Apprenticeship or Certificate of Qualification"
"174",3,"v_CA16_5619","Male","Unemployment rate","Percentage (0-100)",NA,"Average of v_CA16_5604","CA 2016 Census; 25% Data; Work; Labour Force Status; Unemployment rate"
"175",3,"v_CA16_5620","Female","Unemployment rate","Percentage (0-100)",NA,"Average of v_CA16_5605","CA 2016 Census; 25% Data; Work; Labour Force Status; Unemployment rate"
"176",3,"v_CA16_5085","Male","University certificate or diploma above bachelor level","Number","v_CA16_5079","Additive","CA 2016 Census; 25% Data; Education; Certificate/Degree; Total - Highest certificate, diploma or degree for the population aged 15 years and over in private households - 25% sample data; Postsecondary certificate, diploma or degree; University certificate, diploma or degree at bachelor level or above; University certificate or diploma above bachelor level"
"177",3,"v_CA16_5086","Female","University certificate or diploma above bachelor level","Number","v_CA16_5080","Additive","CA 2016 Census; 25% Data; Education; Certificate/Degree; Total - Highest certificate, diploma or degree for the population aged 15 years and over in private households - 25% sample data; Postsecondary certificate, diploma or degree; University certificate, diploma or degree at bachelor level or above; University certificate or diploma above bachelor level"
"178",3,"v_CA16_5130","Male","University certificate or diploma above bachelor level","Number","v_CA16_5124","Additive","CA 2016 Census; 25% Data; Education; Certificate/Degree; Total - Highest certificate, diploma or degree for the population aged 25 to 64 years in private households - 25% sample data; Postsecondary certificate, diploma or degree; University certificate, diploma or degree at bachelor level or above; University certificate or diploma above bachelor level"
"179",3,"v_CA16_5131","Female","University certificate or diploma above bachelor level","Number","v_CA16_5125","Additive","CA 2016 Census; 25% Data; Education; Certificate/Degree; Total - Highest certificate, diploma or degree for the population aged 25 to 64 years in private households - 25% sample data; Postsecondary certificate, diploma or degree; University certificate, diploma or degree at bachelor level or above; University certificate or diploma above bachelor level"
"180",3,"v_CA16_5076","Male","University certificate or diploma below bachelor level","Number","v_CA16_5061","Additive","CA 2016 Census; 25% Data; Education; Certificate/Degree; Total - Highest certificate, diploma or degree for the population aged 15 years and over in private households - 25% sample data; Postsecondary certificate, diploma or degree; University certificate or diploma below bachelor level"
"181",3,"v_CA16_5077","Female","University certificate or diploma below bachelor level","Number","v_CA16_5062","Additive","CA 2016 Census; 25% Data; Education; Certificate/Degree; Total - Highest certificate, diploma or degree for the population aged 15 years and over in private households - 25% sample data; Postsecondary certificate, diploma or degree; University certificate or diploma below bachelor level"
"182",3,"v_CA16_5121","Male","University certificate or diploma below bachelor level","Number","v_CA16_5106","Additive","CA 2016 Census; 25% Data; Education; Certificate/Degree; Total - Highest certificate, diploma or degree for the population aged 25 to 64 years in private households - 25% sample data; Postsecondary certificate, diploma or degree; University certificate or diploma below bachelor level"
"183",3,"v_CA16_5122","Female","University certificate or diploma below bachelor level","Number","v_CA16_5107","Additive","CA 2016 Census; 25% Data; Education; Certificate/Degree; Total - Highest certificate, diploma or degree for the population aged 25 to 64 years in private households - 25% sample data; Postsecondary certificate, diploma or degree; University certificate or diploma below bachelor level"
"184",3,"v_CA16_5079","Male","University certificate, diploma or degree at bachelor level or above","Number","v_CA16_5061","Additive","CA 2016 Census; 25% Data; Education; Certificate/Degree; Total - Highest certificate, diploma or degree for the population aged 15 years and over in private households - 25% sample data; Postsecondary certificate, diploma or degree; University certificate, diploma or degree at bachelor level or above"
"185",3,"v_CA16_5080","Female","University certificate, diploma or degree at bachelor level or above","Number","v_CA16_5062","Additive","CA 2016 Census; 25% Data; Education; Certificate/Degree; Total - Highest certificate, diploma or degree for the population aged 15 years and over in private households - 25% sample data; Postsecondary certificate, diploma or degree; University certificate, diploma or degree at bachelor level or above"
"186",3,"v_CA16_5124","Male","University certificate, diploma or degree at bachelor level or above","Number","v_CA16_5106","Additive","CA 2016 Census; 25% Data; Education; Certificate/Degree; Total - Highest certificate, diploma or degree for the population aged 25 to 64 years in private households - 25% sample data; Postsecondary certificate, diploma or degree; University certificate, diploma or degree at bachelor level or above"
"187",3,"v_CA16_5125","Female","University certificate, diploma or degree at bachelor level or above","Number","v_CA16_5107","Additive","CA 2016 Census; 25% Data; Education; Certificate/Degree; Total - Highest certificate, diploma or degree for the population aged 25 to 64 years in private households - 25% sample data; Postsecondary certificate, diploma or degree; University certificate, diploma or degree at bachelor level or above"
"188",3,"v_CA16_5805","Male","Walked","Number","v_CA16_5793","Additive","CA 2016 Census; 25% Data; Commute; Total - Main mode of commuting for the employed labour force aged 15 years and over in private households with a usual place of work or no fixed workplace address - 25% sample data; Walked"
"189",3,"v_CA16_5806","Female","Walked","Number","v_CA16_5794","Additive","CA 2016 Census; 25% Data; Commute; Total - Main mode of commuting for the employed labour force aged 15 years and over in private households with a usual place of work or no fixed workplace address - 25% sample data; Walked"
"190",2,"v_CA16_476","Male","Widowed","Number","v_CA16_464","Additive","CA 2016 Census; 100% data; Census Families; Total - Marital status for the population aged 15 years and over - 100% data; Not married and not living common law; Widowed"
"191",2,"v_CA16_477","Female","Widowed","Number","v_CA16_465","Additive","CA 2016 Census; 100% data; Census Families; Total - M"
"192",2,"v_CA16_3862","Male","First Nations (North American Indian)","Number","v_CA16_3859","Additive","CA 2016 Census; 25% Data; Aboriginal; Total - Aboriginal identity for the population in private households - 25% sample data; Aboriginal identity; Single Aboriginal responses; First Nations (North American Indian)"
"193",2,"v_CA16_3863","Female","First Nations (North American Indian)","Number","v_CA16_3860","Additive","CA 2016 Census; 25% Data; Aboriginal; Total - Aboriginal identity for the population in private households - 25% sample data; Aboriginal identity; Single Aboriginal responses; First Nations (North American Indian)"
"194",2,"v_CA16_3460","Male","Americas","Number","v_CA16_3457","Additive","CA 2016 Census; 25% Data; Citizenship and Immigration; Total - Selected places of birth for the immigrant population in private households - 25% sample data; Americas"
"195",2,"v_CA16_3461","Female","Americas","Number","v_CA16_3458","Additive","CA 2016 Census; 25% Data; Citizenship and Immigration; Total - Selected places of birth for the immigrant population in private households - 25% sample data; Americas"
"196",2,"v_CA16_3490","Male","United States","Number","v_CA16_3460","Additive","CA 2016 Census; 25% Data; Citizenship and Immigration; Total - Selected places of birth for the immigrant population in private households - 25% sample data; Americas; United States"
"197",2,"v_CA16_3491","Female","United States","Number","v_CA16_3461","Additive","CA 2016 Census; 25% Data; Citizenship and Immigration; Total - Selected places of birth for the immigrant population in private households - 25% sample data; Americas; United States"
"198",2,"v_CA16_3496","Male","Europe","Number","v_CA16_3457","Additive","CA 2016 Census; 25% Data; Citizenship and Immigration; Total - Selected places of birth for the immigrant population in private households - 25% sample data; Europe"
"199",2,"v_CA16_3497","Female","Europe","Number","v_CA16_3458","Additive","CA 2016 Census; 25% Data; Citizenship and Immigration; Total - Selected places of birth for the immigrant population in private households - 25% sample data; Europe"
"200",2,"v_CA16_3550","Male","Africa","Number","v_CA16_3457","Additive","CA 2016 Census; 25% Data; Citizenship and Immigration; Total - Selected places of birth for the immigrant population in private households - 25% sample data; Africa"
"201",2,"v_CA16_3551","Female","Africa","Number","v_CA16_3458","Additive","CA 2016 Census; 25% Data; Citizenship and Immigration; Total - Selected places of birth for the immigrant population in private households - 25% sample data; Africa"
"202",2,"v_CA16_3580","Male","Asia","Number","v_CA16_3457","Additive","CA 2016 Census; 25% Data; Citizenship and Immigration; Total - Selected places of birth for the immigrant population in private households - 25% sample data; Asia"
"203",2,"v_CA16_3581","Female","Asia","Number","v_CA16_3458","Additive","CA 2016 Census; 25% Data; Citizenship and Immigration; Total - Selected places of birth for the immigrant population in private households - 25% sample data; Asia"
"204",2,"v_CA16_3823","Male","First generation","Number","v_CA16_3820","Additive","CA 2016 Census; 25% Data; Citizenship and Immigration; Total - Generation status for the population in private households - 25% sample data; First generation"
"205",2,"v_CA16_3824","Female","First generation","Number","v_CA16_3821","Additive","CA 2016 Census; 25% Data; Citizenship and Immigration; Total - Generation status for the population in private households - 25% sample data; First generation"
"206",2,"v_CA16_3826","Male","Second generation","Number","v_CA16_3820","Additive","CA 2016 Census; 25% Data; Citizenship and Immigration; Total - Generation status for the population in private households - 25% sample data; Second generation"
"207",2,"v_CA16_3827","Female","Second generation","Number","v_CA16_3821","Additive","CA 2016 Census; 25% Data; Citizenship and Immigration; Total - Generation status for the population in private households - 25% sample data; Second generation"
"208",2,"v_CA16_3829","Male","Third generation or more","Number","v_CA16_3820","Additive","CA 2016 Census; 25% Data; Citizenship and Immigration; Total - Generation status for the population in private households - 25% sample data; Third generation or more"
"209",2,"v_CA16_3830","Female","Third generation or more","Number","v_CA16_3821","Additive","CA 2016 Census; 25% Data; Citizenship and Immigration; Total - Generation status for the population in private households - 25% sample data; Third generation or more"
"210",2,"v_CA16_2208","Male","Median total income in 2015 among recipients ($)","Currency","v_CA16_2205","Median of v_CA16_2205","CA 2016 Census; 100% data; Income; Individuals; Total - Income statistics in 2015 for the population aged 15 years and over in private households - 100% data; Number of total income recipients aged 15 years and over in private households - 100% data; Median total income in 2015 among recipients ($)"
"211",2,"v_CA16_2209","Female","Median total income in 2015 among recipients ($)","Currency","v_CA16_2206","Median of v_CA16_2206","CA 2016 Census; 100% data; Income; Individuals; Total - Income statistics in 2015 for the population aged 15 years and over in private households - 100% data; Number of total income recipients aged 15 years and over in private households - 100% data; Median total income in 2015 among recipients ($)"
